TLL29_opera_contig_162838_provirus_247241_315985	TLL5_k99_26018	99.894	35843	15	3	9851	45672	1	35841	0.0	65957	68745	35841
TLL29_opera_contig_162838_provirus_247241_315985	TLL29_k99_68092	99.964	27677	10	0	9337	37013	27677	1	0.0	51055	68745	27677
TLL29_opera_contig_162838_provirus_247241_315985	TLL28_k99_79370	99.415	25112	44	85	33002	58041	1	25081	0.0	45463	68745	25081
TLL29_opera_contig_162838_provirus_247241_315985	TLL28_k99_258145	99.971	24327	7	0	8655	32981	24327	1	0.0	44885	68745	24327
TLL29_opera_contig_162838_provirus_247241_315985	TLL95_k99_51140	99.979	23939	5	0	26182	50120	23939	1	0.0	44180	68745	23939
TLL29_opera_contig_162838_provirus_247241_315985	TLL27_k99_15535	99.970	23522	6	1	8819	32340	78	23598	0.0	43397	68745	23598
TLL29_opera_contig_162838_provirus_247241_315985	TLL16_k99_136026	99.866	17897	24	0	5287	23183	1	17897	0.0	32917	68745	17997
TLL29_opera_contig_162838_provirus_247241_315985	TLL17_k99_104940	99.935	16831	11	0	34199	51029	1	16831	0.0	31021	68745	16831
TLL29_opera_contig_162838_provirus_247241_315985	TLL5_k99_24653	99.116	16630	44	85	45658	62215	16599	1	0.0	29800	68745	16599
TLL29_opera_contig_162838_provirus_247241_315985	TLL27_k99_64734	99.974	15495	2	2	32428	47921	15583	90	0.0	28590	68745	15583
TLL29_opera_contig_162838_provirus_247241_315985	TLL16_k99_274555	99.405	15619	29	53	39739	55308	15605	2	0.0	28269	68745	15605
TLL29_opera_contig_162838_provirus_247241_315985	TLL95_k99_92073	99.954	15262	7	0	10839	26100	15262	1	0.0	28145	68745	15262
TLL29_opera_contig_162838_provirus_247241_315985	TLL13_k99_106399	99.986	14168	2	0	33868	48035	14168	1	0.0	26153	68745	14168
TLL29_opera_contig_162838_provirus_247241_315985	TLL13_k99_56970	99.952	12511	5	1	21404	33914	12510	1	0.0	23069	68745	12510
TLL29_opera_contig_162838_provirus_247241_315985	TLL49_k99_3523	99.981	10747	2	0	34682	45428	10747	1	0.0	19835	68745	10747
TLL29_opera_contig_162838_provirus_247241_315985	TLL5_k99_42136	100.000	9949	0	0	1	9949	42102	52050	0.0	18373	68745	52050
TLL29_opera_contig_162838_provirus_247241_315985	TLL16_k99_277150	99.949	9823	5	0	23093	32915	9823	1	0.0	18113	68745	9823
TLL29_opera_contig_162838_provirus_247241_315985	TLL89_k99_308620	99.928	9782	7	0	10469	20250	1	9782	0.0	18026	68745	9782
TLL29_opera_contig_162838_provirus_247241_315985	TLL95_k99_88577	99.979	9685	2	0	1	9685	9685	1	0.0	17874	68745	10480
TLL29_opera_contig_162838_provirus_247241_315985	TLL17_k99_23921	99.957	9323	3	1	1	9322	4587	13909	0.0	17193	68745	14105
TLL29_opera_contig_162838_provirus_247241_315985	TLL49_k99_151576	99.167	9480	29	42	45473	54917	9465	1	0.0	17023	68745	9465
TLL29_opera_contig_162838_provirus_247241_315985	TLL27_k99_94796	99.989	8859	1	0	1	8859	8859	1	0.0	16355	68745	8860
TLL29_opera_contig_162838_provirus_247241_315985	TLL28_k99_405635	99.977	8793	2	0	57943	66735	1	8793	0.0	16227	68745	8793
TLL29_opera_contig_162838_provirus_247241_315985	TLL13_k99_54117	99.954	8769	4	0	4027	12795	8769	1	0.0	16172	68745	8769
TLL29_opera_contig_162838_provirus_247241_315985	TLL95_k99_129785	98.422	8934	41	82	53527	62391	8903	1	0.0	15625	68745	8903
TLL29_opera_contig_162838_provirus_247241_315985	TLL28_k99_150456	99.976	8436	2	0	205	8640	8436	1	0.0	15568	68745	8436
TLL29_opera_contig_162838_provirus_247241_315985	TLL17_k99_31809	98.368	8760	40	84	51011	59698	8729	1	0.0	15289	68745	8759
TLL29_opera_contig_162838_provirus_247241_315985	TLL13_k99_163040	98.670	8498	34	65	47937	56379	1	8474	0.0	14994	68745	8474
TLL29_opera_contig_162838_provirus_247241_315985	TLL29_k99_68032	100.000	7806	0	0	1630	9435	7806	1	0.0	14416	68745	7806
TLL29_opera_contig_162838_provirus_247241_315985	TLL29_k99_114762	99.973	7460	2	0	39344	46803	1	7460	0.0	13766	68745	7460
TLL29_opera_contig_162838_provirus_247241_315985	TLL89_k99_65272	99.958	7172	2	1	25618	32789	1	7171	0.0	13226	68745	7171
TLL29_opera_contig_162838_provirus_247241_315985	TLL16_k99_206993	99.956	6894	3	0	32904	39797	1	6894	0.0	12715	68745	6894
TLL29_opera_contig_162838_provirus_247241_315985	TLL17_k99_53584	100.000	6775	0	0	24853	31627	1	6775	0.0	12512	68745	6775
TLL29_opera_contig_162838_provirus_247241_315985	TLL29_k99_238281	99.970	6673	2	0	46705	53377	6675	3	0.0	12312	68745	6675
TLL29_opera_contig_162838_provirus_247241_315985	TLL29_k99_60168	100.000	6504	0	0	62242	68745	7776	1273	0.0	12011	68745	7776
TLL29_opera_contig_162838_provirus_247241_315985	TLL13_k99_268805	99.919	6164	5	0	12697	18860	6164	1	0.0	11356	68745	6164
TLL29_opera_contig_162838_provirus_247241_315985	TLL100_k99_126025	94.558	7221	389	2	39661	46880	4799	12016	0.0	11154	68745	12019
TLL29_opera_contig_162838_provirus_247241_315985	TLL100_k99_126025	94.108	4345	252	4	35290	39633	1	4342	0.0	6602	68745	12019
TLL29_opera_contig_162838_provirus_247241_315985	TLL27_k99_23101	99.763	5903	8	5	47914	53812	5901	1	0.0	10818	68745	5998
TLL29_opera_contig_162838_provirus_247241_315985	TLL13_k99_174172	99.413	5966	8	22	56279	62227	1	5956	0.0	10798	68745	5956
TLL29_opera_contig_162838_provirus_247241_315985	TLL16_k99_303225	99.982	5524	1	0	61901	67424	5524	1	0.0	10196	68745	5524
TLL29_opera_contig_162838_provirus_247241_315985	TLL16_k99_317218	100.000	5318	0	0	68	5385	5318	1	0.0	9821	68745	5318
TLL29_opera_contig_162838_provirus_247241_315985	TLL16_k99_97033	99.550	5331	7	15	56614	61933	1	5325	0.0	9696	68745	5401
TLL29_opera_contig_162838_provirus_247241_315985	TLL49_k99_229455	100.000	5013	0	0	16091	21103	240	5252	0.0	9258	68745	5252
TLL29_opera_contig_162838_provirus_247241_315985	TLL49_k99_224031	99.939	4954	3	0	29746	34699	1	4954	0.0	9132	68745	4954
TLL29_opera_contig_162838_provirus_247241_315985	TLL49_k99_375873	98.534	5184	21	44	54851	59995	5168	1	0.0	9101	68745	5168
TLL29_opera_contig_162838_provirus_247241_315985	TLL39_k99_83294	93.284	6045	403	2	40982	47026	6042	1	0.0	8911	68745	6042
TLL29_opera_contig_162838_provirus_247241_315985	TLL29_k99_101499	94.395	5798	216	90	53321	59043	14342	8579	0.0	8805	68745	14342
TLL29_opera_contig_162838_provirus_247241_315985	TLL67_k99_227479	99.979	4716	1	0	26013	30728	56	4771	0.0	8704	68745	4771
TLL29_opera_contig_162838_provirus_247241_315985	TLL18_k99_435814	99.979	4680	1	0	36629	41308	1	4680	0.0	8637	68745	4680
TLL29_opera_contig_162838_provirus_247241_315985	TLL17_k99_301811	99.913	4611	4	0	20341	24951	1	4611	0.0	8493	68745	4611
TLL29_opera_contig_162838_provirus_247241_315985	TLL39_k99_300936	92.399	5881	423	19	47647	53516	6	5873	0.0	8362	68745	5915
TLL29_opera_contig_162838_provirus_247241_315985	TLL17_k99_140245	99.888	4478	5	0	10921	15398	1	4478	0.0	8242	68745	4478
TLL29_opera_contig_162838_provirus_247241_315985	TLL18_k99_284969	99.954	4371	2	0	41272	45642	1	4371	0.0	8061	68745	4371
TLL29_opera_contig_162838_provirus_247241_315985	TLL49_k99_191775	100.000	4146	0	0	508	4653	4146	1	0.0	7657	68745	4146
TLL29_opera_contig_162838_provirus_247241_315985	TLL18_k99_320137	99.903	4139	4	0	11190	15328	1	4139	0.0	7622	68745	4139
TLL29_opera_contig_162838_provirus_247241_315985	TLL18_k99_497117	100.000	4125	0	0	15370	19494	4125	1	0.0	7618	68745	4125
TLL29_opera_contig_162838_provirus_247241_315985	TLL89_k99_10187	100.000	4054	0	0	38955	43008	4121	68	0.0	7487	68745	4121
TLL29_opera_contig_162838_provirus_247241_315985	TLL49_k99_396135	99.974	3882	1	0	5272	9153	1	3882	0.0	7164	68745	3882
TLL29_opera_contig_162838_provirus_247241_315985	TLL39_k99_214071	93.322	4837	318	4	10659	15494	1	4833	0.0	7138	68745	4833
TLL29_opera_contig_162838_provirus_247241_315985	TLL13_k99_16912	100.000	3824	0	0	198	4021	1	3824	0.0	7062	68745	3824
TLL29_opera_contig_162838_provirus_247241_315985	TLL17_k99_285848	99.948	3812	2	0	15985	19796	1	3812	0.0	7029	68745	3812
TLL29_opera_contig_162838_provirus_247241_315985	TLL39_k99_219542	93.338	4578	299	6	35064	39639	6326	1753	0.0	6759	68745	6326
TLL29_opera_contig_162838_provirus_247241_315985	TLL39_k99_219542	95.465	1301	58	1	39661	40960	1302	2	0.0	2074	68745	6326
TLL29_opera_contig_162838_provirus_247241_315985	TLL57_k99_77532	99.891	3664	4	0	38564	42227	1	3664	0.0	6745	68745	3664
TLL29_opera_contig_162838_provirus_247241_315985	TLL95_k99_25230	99.912	3412	3	0	50022	53433	1	3412	0.0	6285	68745	3412
TLL29_opera_contig_162838_provirus_247241_315985	TLL84_k99_19374	99.912	3396	3	0	41870	45265	3396	1	0.0	6255	68745	3396
TLL29_opera_contig_162838_provirus_247241_315985	TLL89_k99_170603	99.970	3372	1	0	43012	46383	1	3372	0.0	6222	68745	3372
TLL29_opera_contig_162838_provirus_247241_315985	TLL49_k99_71248	99.911	3372	3	0	21050	24421	1	3372	0.0	6211	68745	3372
TLL29_opera_contig_162838_provirus_247241_315985	TLL29_k99_202288	100.000	3308	0	0	57839	61146	1	3308	0.0	6109	68745	3308
TLL29_opera_contig_162838_provirus_247241_315985	TLL49_k99_227327	99.970	3281	1	0	9146	12426	1	3281	0.0	6054	68745	3281
TLL29_opera_contig_162838_provirus_247241_315985	TLL18_k99_212136	99.938	3244	2	0	33342	36585	1	3244	0.0	5980	68745	3244
TLL29_opera_contig_162838_provirus_247241_315985	TLL84_k99_128129	99.938	3206	2	0	29323	32528	1	3206	0.0	5910	68745	3206
TLL29_opera_contig_162838_provirus_247241_315985	TLL67_k99_344377	99.969	3203	1	0	42446	45648	3203	1	0.0	5910	68745	3203
TLL29_opera_contig_162838_provirus_247241_315985	TLL27_k99_192011	99.968	3130	1	0	63773	66902	1	3130	0.0	5775	68745	3148
TLL29_opera_contig_162838_provirus_247241_315985	TLL13_k99_356344	100.000	3108	0	0	63432	66539	3108	1	0.0	5740	68745	3108
TLL29_opera_contig_162838_provirus_247241_315985	TLL67_k99_193996	99.903	3103	3	0	10043	13145	1	3103	0.0	5714	68745	3103
TLL29_opera_contig_162838_provirus_247241_315985	TLL84_k99_300709	99.870	3080	4	0	10828	13907	1	3080	0.0	5666	68745	3080
TLL29_opera_contig_162838_provirus_247241_315985	TLL18_k99_112164	99.804	3061	3	2	50459	53516	3061	1	0.0	5616	68745	3061
TLL29_opera_contig_162838_provirus_247241_315985	TLL27_k99_30987	99.933	2979	2	0	60745	63723	2979	1	0.0	5491	68745	2979
TLL29_opera_contig_162838_provirus_247241_315985	TLL67_k99_57629	99.966	2952	1	0	17606	20557	2952	1	0.0	5446	68745	2952
TLL29_opera_contig_162838_provirus_247241_315985	TLL18_k99_66035	99.965	2889	1	0	58391	61279	2889	1	0.0	5330	68745	2889
TLL29_opera_contig_162838_provirus_247241_315985	TLL27_k99_22741	99.931	2883	2	0	57928	60810	1	2883	0.0	5313	68745	2883
TLL29_opera_contig_162838_provirus_247241_315985	TLL18_k99_360066	100.000	2844	0	0	23723	26566	1	2844	0.0	5252	68745	2844
TLL29_opera_contig_162838_provirus_247241_315985	TLL106_k99_213672	99.965	2826	1	0	35706	38531	2826	1	0.0	5214	68745	2826
TLL29_opera_contig_162838_provirus_247241_315985	TLL67_k99_320083	100.000	2774	0	0	45651	48424	1	2774	0.0	5123	68745	2774
TLL29_opera_contig_162838_provirus_247241_315985	TLL18_k99_394998	100.000	2768	0	0	26534	29301	98	2865	0.0	5112	68745	2865
TLL29_opera_contig_162838_provirus_247241_315985	TLL67_k99_40865	99.964	2767	1	0	48511	51277	1	2767	0.0	5105	68745	2767
TLL29_opera_contig_162838_provirus_247241_315985	TLL67_k99_203768	98.598	2854	38	2	32464	35316	1	2853	0.0	5048	68745	2862
TLL29_opera_contig_162838_provirus_247241_315985	TLL13_k99_174459	100.000	2705	0	0	18762	21466	1	2705	0.0	4996	68745	2705
TLL29_opera_contig_162838_provirus_247241_315985	TLL89_k99_317248	99.925	2666	2	0	5989	8654	1	2666	0.0	4913	68745	2666
TLL29_opera_contig_162838_provirus_247241_315985	TLL100_k99_201132	90.937	3630	306	17	47663	51283	1	3616	0.0	4859	68745	3616
TLL29_opera_contig_162838_provirus_247241_315985	TLL56_k99_32521	80.576	6358	1174	49	4185	10506	21825	15493	0.0	4843	68745	24118
TLL29_opera_contig_162838_provirus_247241_315985	TLL56_k99_32521	81.266	1169	214	4	1886	3050	24116	22949	0.0	941	68745	24118
TLL29_opera_contig_162838_provirus_247241_315985	TLL57_k99_183918	99.885	2602	3	0	11024	13625	1	2602	0.0	4789	68745	2602
TLL29_opera_contig_162838_provirus_247241_315985	TLL84_k99_133957	100.000	2564	0	0	15120	17683	2564	1	0.0	4735	68745	2564
TLL29_opera_contig_162838_provirus_247241_315985	TLL18_k99_141395	100.000	2554	0	0	6443	8996	2554	1	0.0	4717	68745	2554
TLL29_opera_contig_162838_provirus_247241_315985	TLL66_k99_283401	84.977	4686	661	30	30253	34924	12575	7919	0.0	4713	68745	13789
TLL29_opera_contig_162838_provirus_247241_315985	TLL66_k99_283401	79.442	394	79	2	39711	40103	2459	2067	2.21e-69	278	68745	13789
TLL29_opera_contig_162838_provirus_247241_315985	TLL82_k99_245637	84.955	4686	662	30	30253	34924	11136	15792	0.0	4708	68745	38062
TLL29_opera_contig_162838_provirus_247241_315985	TLL82_k99_245637	79.825	3430	644	41	14954	18359	1	3406	0.0	2457	68745	38062
TLL29_opera_contig_162838_provirus_247241_315985	TLL82_k99_245637	78.693	1760	332	35	18405	20136	3532	5276	0.0	1133	68745	38062
TLL29_opera_contig_162838_provirus_247241_315985	TLL82_k99_245637	80.589	747	133	11	23602	24342	8617	9357	4.22e-156	566	68745	38062
TLL29_opera_contig_162838_provirus_247241_315985	TLL82_k99_245637	79.442	394	79	2	39711	40103	21252	21644	2.21e-69	278	68745	38062
TLL29_opera_contig_162838_provirus_247241_315985	TLL82_k99_245637	82.946	258	41	3	21070	21326	6448	6703	6.28e-55	230	68745	38062
TLL29_opera_contig_162838_provirus_247241_315985	TLL84_k99_83424	100.000	2534	0	0	17769	20302	2534	1	0.0	4680	68745	2534
TLL29_opera_contig_162838_provirus_247241_315985	TLL89_k99_300886	100.000	2518	0	0	59096	61613	2518	1	0.0	4650	68745	2518
TLL29_opera_contig_162838_provirus_247241_315985	TLL67_k99_171522	98.041	2655	47	5	57459	60111	2	2653	0.0	4610	68745	2653
TLL29_opera_contig_162838_provirus_247241_315985	TLL49_k99_341038	100.000	2471	0	0	61904	64374	1	2471	0.0	4564	68745	2471
TLL29_opera_contig_162838_provirus_247241_315985	TLL17_k99_333116	100.000	2427	0	0	61001	63427	1	2427	0.0	4482	68745	2427
TLL29_opera_contig_162838_provirus_247241_315985	TLL67_k99_335526	99.916	2395	2	0	23478	25872	1	2395	0.0	4412	68745	2395
TLL29_opera_contig_162838_provirus_247241_315985	TLL100_k99_223660	91.104	3271	263	11	25034	28282	1	3265	0.0	4403	68745	3579
TLL29_opera_contig_162838_provirus_247241_315985	TLL100_k99_223660	94.286	280	16	0	28524	28803	3300	3579	5.77e-115	429	68745	3579
TLL29_opera_contig_162838_provirus_247241_315985	TLL5_k99_383972	100.000	2345	0	0	66401	68745	1	2345	0.0	4331	68745	4989
TLL29_opera_contig_162838_provirus_247241_315985	TLL67_k99_7301	99.914	2325	2	0	15301	17625	1	2325	0.0	4283	68745	2325
TLL29_opera_contig_162838_provirus_247241_315985	TLL57_k99_265092	99.324	2367	16	0	33507	35873	1	2367	0.0	4283	68745	2367
TLL29_opera_contig_162838_provirus_247241_315985	TLL79_k99_10721	85.880	4058	532	28	30880	34924	7589	3560	0.0	4281	68745	7589
TLL29_opera_contig_162838_provirus_247241_315985	TLL18_k99_510791	99.957	2319	1	0	4100	6418	2319	1	0.0	4277	68745	2319
TLL29_opera_contig_162838_provirus_247241_315985	TLL39_k99_95874	93.014	2920	204	0	15485	18404	3125	206	0.0	4263	68745	3125
TLL29_opera_contig_162838_provirus_247241_315985	TLL39_k99_95874	92.800	125	9	0	18405	18529	125	1	1.78e-40	182	68745	3125
TLL29_opera_contig_162838_provirus_247241_315985	TLL17_k99_197483	99.913	2302	2	0	66444	68745	1	2302	0.0	4241	68745	4101
TLL29_opera_contig_162838_provirus_247241_315985	TLL5_k99_8679	100.000	2269	0	0	62162	64430	55	2323	0.0	4191	68745	2323
TLL29_opera_contig_162838_provirus_247241_315985	TLL18_k99_84129	100.000	2254	0	0	21428	23681	1	2254	0.0	4163	68745	2254
TLL29_opera_contig_162838_provirus_247241_315985	TLL89_k99_76741	99.822	2251	4	0	34851	37101	1	2251	0.0	4135	68745	2251
TLL29_opera_contig_162838_provirus_247241_315985	TLL67_k99_64214	99.955	2228	1	0	37574	39801	2228	1	0.0	4109	68745	2228
TLL29_opera_contig_162838_provirus_247241_315985	TLL84_k99_165562	99.732	2239	6	0	34335	36573	51	2289	0.0	4102	68745	2289
TLL29_opera_contig_162838_provirus_247241_315985	TLL29_k99_105737	100.000	2219	0	0	36985	39203	1	2219	0.0	4098	68745	2219
TLL29_opera_contig_162838_provirus_247241_315985	TLL100_k99_361061	92.924	2798	198	0	14250	17047	2798	1	0.0	4071	68745	2798
TLL29_opera_contig_162838_provirus_247241_315985	TLL100_k99_240739	93.715	2705	167	2	21344	24045	2705	1	0.0	4050	68745	3502
TLL29_opera_contig_162838_provirus_247241_315985	TLL100_k99_240739	93.532	804	46	5	20234	21033	3502	2701	0.0	1192	68745	3502
TLL29_opera_contig_162838_provirus_247241_315985	TLL79_k99_173928	78.455	6317	1267	73	4246	10504	22449	28729	0.0	4039	68745	54503
TLL29_opera_contig_162838_provirus_247241_315985	TLL79_k99_173928	76.488	2956	648	44	16	2946	17049	19982	0.0	1565	68745	54503
TLL29_opera_contig_162838_provirus_247241_315985	TLL79_k99_173928	80.165	1941	344	34	33017	34932	47842	49766	0.0	1413	68745	54503
TLL29_opera_contig_162838_provirus_247241_315985	TLL79_k99_173928	81.944	1512	271	2	30253	31763	46297	47807	0.0	1279	68745	54503
TLL29_opera_contig_162838_provirus_247241_315985	TLL79_k99_173928	81.016	748	130	12	23602	24343	41632	42373	1.16e-161	584	68745	54503
TLL29_opera_contig_162838_provirus_247241_315985	TLL79_k99_173928	80.864	648	122	1	3095	3742	20888	21533	7.21e-139	508	68745	54503
TLL29_opera_contig_162838_provirus_247241_315985	TLL79_k99_173928	79.630	378	74	3	39727	40103	53646	54021	1.33e-66	268	68745	54503
TLL29_opera_contig_162838_provirus_247241_315985	TLL79_k99_173928	73.770	427	72	30	26002	26402	44476	44888	1.82e-25	132	68745	54503
TLL29_opera_contig_162838_provirus_247241_315985	TLL48_k99_136607	90.688	3039	269	4	59143	62170	3844	809	0.0	4032	68745	3879
TLL29_opera_contig_162838_provirus_247241_315985	TLL102_k99_28039	78.348	6318	1272	74	4246	10504	5797	12077	0.0	4000	68745	13119
TLL29_opera_contig_162838_provirus_247241_315985	TLL49_k99_106247	99.954	2158	1	0	26089	28246	2158	1	0.0	3980	68745	2158
TLL29_opera_contig_162838_provirus_247241_315985	TLL27_k99_73071	97.650	2340	14	34	55059	57371	2326	1	0.0	3978	68745	2326
TLL29_opera_contig_162838_provirus_247241_315985	TLL19_k99_30230	78.256	6319	1276	77	4246	10504	14696	8416	0.0	3967	68745	25023
TLL29_opera_contig_162838_provirus_247241_315985	TLL84_k99_282075	100.000	2141	0	0	23907	26047	1	2141	0.0	3954	68745	2141
TLL29_opera_contig_162838_provirus_247241_315985	TLL39_k99_292875	92.813	2727	174	7	24541	27247	1	2725	0.0	3930	68745	4638
TLL29_opera_contig_162838_provirus_247241_315985	TLL39_k99_292875	91.128	1037	90	2	27247	28282	2791	3826	0.0	1404	68745	4638
TLL29_opera_contig_162838_provirus_247241_315985	TLL39_k99_292875	95.887	778	32	0	28524	29301	3861	4638	0.0	1260	68745	4638
TLL29_opera_contig_162838_provirus_247241_315985	TLL99_k99_125730	90.039	3042	289	6	59140	62169	1803	4842	0.0	3927	68745	4926
TLL29_opera_contig_162838_provirus_247241_315985	TLL99_k99_125730	91.393	1708	141	6	57321	59025	1	1705	0.0	2335	68745	4926
TLL29_opera_contig_162838_provirus_247241_315985	TLL57_k99_214929	100.000	2116	0	0	27627	29742	1	2116	0.0	3908	68745	2116
TLL29_opera_contig_162838_provirus_247241_315985	TLL89_k99_9082	97.641	2289	18	30	52313	54574	2280	1	0.0	3895	68745	2280
TLL29_opera_contig_162838_provirus_247241_315985	TLL89_k99_228605	99.905	2100	2	0	23517	25616	2100	1	0.0	3868	68745	2100
TLL29_opera_contig_162838_provirus_247241_315985	TLL27_k99_139189	89.757	3046	281	15	59143	62172	8322	5292	0.0	3868	68745	9713
TLL29_opera_contig_162838_provirus_247241_315985	TLL27_k99_139189	91.879	1293	101	4	57736	59025	9713	8422	0.0	1803	68745	9713
TLL29_opera_contig_162838_provirus_247241_315985	TLL35_k99_43652	89.864	3019	290	7	59168	62172	3271	255	0.0	3866	68745	3271
TLL29_opera_contig_162838_provirus_247241_315985	TLL100_k99_21768	90.595	2924	254	10	59266	62172	3214	295	0.0	3856	68745	3216
TLL29_opera_contig_162838_provirus_247241_315985	TLL35_k99_15801	90.540	2907	245	26	56137	59025	3022	128	0.0	3818	68745	6539
TLL29_opera_contig_162838_provirus_247241_315985	TLL57_k99_316994	100.000	2057	0	0	7028	9084	1	2057	0.0	3799	68745	2057
TLL29_opera_contig_162838_provirus_247241_315985	TLL5_k99_136445	100.000	2040	0	0	64370	66409	2040	1	0.0	3768	68745	2040
TLL29_opera_contig_162838_provirus_247241_315985	TLL106_k99_62206	99.754	2035	5	0	11187	13221	2035	1	0.0	3731	68745	2035
TLL29_opera_contig_162838_provirus_247241_315985	TLL49_k99_105208	99.852	2023	3	0	12328	14350	2023	1	0.0	3720	68745	2023
TLL29_opera_contig_162838_provirus_247241_315985	TLL40_k99_259252	89.698	2912	254	37	56132	59025	1260	4143	0.0	3674	68745	7110
TLL29_opera_contig_162838_provirus_247241_315985	TLL40_k99_259252	89.667	2671	257	8	59140	61794	4240	6907	0.0	3386	68745	7110
TLL29_opera_contig_162838_provirus_247241_315985	TLL28_k99_487921	100.000	1983	0	0	66763	68745	1	1983	0.0	3663	68745	4638
TLL29_opera_contig_162838_provirus_247241_315985	TLL84_k99_176717	99.798	1979	3	1	51511	53488	1	1979	0.0	3631	68745	1985
TLL29_opera_contig_162838_provirus_247241_315985	TLL18_k99_342624	100.000	1941	0	0	29801	31741	1	1941	0.0	3585	68745	1941
TLL29_opera_contig_162838_provirus_247241_315985	TLL84_k99_232888	99.591	1955	8	0	40057	42011	1955	1	0.0	3567	68745	1955
TLL29_opera_contig_162838_provirus_247241_315985	TLL49_k99_284351	100.000	1926	0	0	59986	61911	1926	1	0.0	3557	68745	1926
TLL29_opera_contig_162838_provirus_247241_315985	TLL18_k99_457205	100.000	1923	0	0	19510	21432	1923	1	0.0	3552	68745	1923
TLL29_opera_contig_162838_provirus_247241_315985	TLL41_k99_196059	92.741	2452	178	0	42746	45197	1	2452	0.0	3542	68745	2452
TLL29_opera_contig_162838_provirus_247241_315985	TLL106_k99_88806	99.948	1908	1	0	16493	18400	1908	1	0.0	3518	68745	1908
TLL29_opera_contig_162838_provirus_247241_315985	TLL13_k99_254184	100.000	1904	0	0	66842	68745	1	1904	0.0	3517	68745	2475
TLL29_opera_contig_162838_provirus_247241_315985	TLL18_k99_372553	97.205	2075	22	28	55252	57304	2061	1	0.0	3478	68745	2061
TLL29_opera_contig_162838_provirus_247241_315985	TLL48_k99_91364	87.266	3047	383	4	1	3044	8817	11861	0.0	3472	68745	15503
TLL29_opera_contig_162838_provirus_247241_315985	TLL48_k99_91364	88.497	2495	271	13	4209	6692	13011	15500	0.0	3003	68745	15503
TLL29_opera_contig_162838_provirus_247241_315985	TLL57_k99_33374	99.682	1885	4	2	13696	15580	1	1883	0.0	3446	68745	1883
TLL29_opera_contig_162838_provirus_247241_315985	TLL67_k99_86674	79.733	4796	907	57	13596	18359	3180	7942	0.0	3411	68745	10889
TLL29_opera_contig_162838_provirus_247241_315985	TLL67_k99_86674	76.797	2129	450	38	11456	13565	844	2947	0.0	1155	68745	10889
TLL29_opera_contig_162838_provirus_247241_315985	TLL67_k99_86674	78.593	1691	323	29	18405	20069	8068	9745	0.0	1081	68745	10889
TLL29_opera_contig_162838_provirus_247241_315985	TLL90_k99_83626	79.712	4796	908	57	13596	18359	16111	20873	0.0	3406	68745	32772
TLL29_opera_contig_162838_provirus_247241_315985	TLL90_k99_83626	76.750	2129	451	38	11456	13565	13775	15878	0.0	1149	68745	32772
TLL29_opera_contig_162838_provirus_247241_315985	TLL90_k99_83626	78.652	1691	322	29	18405	20069	20999	22676	0.0	1086	68745	32772
TLL29_opera_contig_162838_provirus_247241_315985	TLL80_k99_98938	79.708	4795	910	55	13596	18359	5046	9808	0.0	3406	68745	32473
TLL29_opera_contig_162838_provirus_247241_315985	TLL80_k99_98938	80.619	1940	339	31	33016	34932	23373	25298	0.0	1465	68745	32473
TLL29_opera_contig_162838_provirus_247241_315985	TLL80_k99_98938	82.728	1488	255	2	30253	31739	21829	23315	0.0	1323	68745	32473
TLL29_opera_contig_162838_provirus_247241_315985	TLL80_k99_98938	78.535	1789	354	26	11792	13565	3040	4813	0.0	1149	68745	32473
TLL29_opera_contig_162838_provirus_247241_315985	TLL80_k99_98938	78.711	1691	321	29	18405	20069	9934	11611	0.0	1092	68745	32473
TLL29_opera_contig_162838_provirus_247241_315985	TLL80_k99_98938	81.830	754	118	18	23598	24342	14678	15421	4.13e-171	616	68745	32473
TLL29_opera_contig_162838_provirus_247241_315985	TLL80_k99_98938	82.178	707	120	6	24462	25165	16327	17030	3.21e-167	603	68745	32473
TLL29_opera_contig_162838_provirus_247241_315985	TLL80_k99_98938	71.351	733	181	22	28530	29251	20642	21356	6.46e-35	163	68745	32473
TLL29_opera_contig_162838_provirus_247241_315985	TLL96_k99_179668	79.591	4797	911	60	13596	18359	10213	14974	0.0	3373	68745	44139
TLL29_opera_contig_162838_provirus_247241_315985	TLL96_k99_179668	81.709	1826	293	31	33018	34819	29633	31441	0.0	1483	68745	44139
TLL29_opera_contig_162838_provirus_247241_315985	TLL96_k99_179668	76.750	2129	451	38	11456	13565	7877	9980	0.0	1149	68745	44139
TLL29_opera_contig_162838_provirus_247241_315985	TLL96_k99_179668	78.652	1691	322	29	18405	20069	15100	16777	0.0	1086	68745	44139
TLL29_opera_contig_162838_provirus_247241_315985	TLL57_k99_431373	100.000	1826	0	0	15698	17523	1826	1	0.0	3373	68745	1826
TLL29_opera_contig_162838_provirus_247241_315985	TLL34_k99_22821	86.591	3095	330	63	55503	58548	1	3059	0.0	3338	68745	3059
TLL29_opera_contig_162838_provirus_247241_315985	TLL57_k99_311204	100.000	1786	0	0	20039	21824	1786	1	0.0	3299	68745	1786
TLL29_opera_contig_162838_provirus_247241_315985	TLL66_k99_202126	79.304	4798	924	58	13596	18359	3796	8558	0.0	3295	68745	15206
TLL29_opera_contig_162838_provirus_247241_315985	TLL66_k99_202126	78.750	1760	331	35	18405	20136	8684	10428	0.0	1138	68745	15206
TLL29_opera_contig_162838_provirus_247241_315985	TLL66_k99_202126	77.970	1793	357	31	11792	13565	1790	3563	0.0	1088	68745	15206
TLL29_opera_contig_162838_provirus_247241_315985	TLL66_k99_202126	80.723	747	132	11	23602	24342	13792	14532	9.06e-158	571	68745	15206
TLL29_opera_contig_162838_provirus_247241_315985	TLL66_k99_202126	82.946	258	41	3	21070	21326	11600	11855	6.28e-55	230	68745	15206
TLL29_opera_contig_162838_provirus_247241_315985	TLL89_k99_54343	96.264	2034	29	38	54732	56736	1	2016	0.0	3291	68745	2016
TLL29_opera_contig_162838_provirus_247241_315985	TLL79_k99_11193	79.241	4798	927	57	13596	18359	4991	229	0.0	3278	68745	7889
TLL29_opera_contig_162838_provirus_247241_315985	TLL79_k99_11193	78.001	1791	360	29	11792	13565	6997	5224	0.0	1094	68745	7889
TLL29_opera_contig_162838_provirus_247241_315985	TLL17_k99_377260	99.888	1779	2	0	9241	11019	1779	1	0.0	3275	68745	1779
TLL29_opera_contig_162838_provirus_247241_315985	TLL72_k99_196798	100.000	1750	0	0	40582	42331	1	1750	0.0	3232	68745	1750
TLL29_opera_contig_162838_provirus_247241_315985	TLL84_k99_109112	100.000	1748	0	0	47588	49335	1748	1	0.0	3229	68745	1748
TLL29_opera_contig_162838_provirus_247241_315985	TLL106_k99_251600	100.000	1727	0	0	13626	15352	1	1727	0.0	3190	68745	1727
TLL29_opera_contig_162838_provirus_247241_315985	TLL100_k99_2904	88.175	2647	303	7	183	2824	2689	48	0.0	3145	68745	2689
TLL29_opera_contig_162838_provirus_247241_315985	TLL106_k99_183025	99.941	1705	1	0	22882	24586	1705	1	0.0	3144	68745	1705
TLL29_opera_contig_162838_provirus_247241_315985	TLL41_k99_172002	92.775	2173	157	0	34167	36339	2173	1	0.0	3144	68745	2175
TLL29_opera_contig_162838_provirus_247241_315985	TLL67_k99_102783	99.941	1690	1	0	30752	32441	1690	1	0.0	3116	68745	1690
TLL29_opera_contig_162838_provirus_247241_315985	TLL100_k99_16385	93.397	2090	136	2	51180	53268	1	2089	0.0	3094	68745	2089
TLL29_opera_contig_162838_provirus_247241_315985	TLL39_k99_198648	95.910	1907	76	1	18623	20529	1905	1	0.0	3088	68745	1905
TLL29_opera_contig_162838_provirus_247241_315985	TLL84_k99_306304	100.000	1671	0	0	21807	23477	1	1671	0.0	3086	68745	1671
TLL29_opera_contig_162838_provirus_247241_315985	TLL49_k99_287377	100.000	1655	0	0	24479	26133	1	1655	0.0	3057	68745	1655
TLL29_opera_contig_162838_provirus_247241_315985	TLL29_k99_149867	99.939	1638	0	1	1	1638	1637	1	0.0	3018	68745	2374
TLL29_opera_contig_162838_provirus_247241_315985	TLL100_k99_29431	94.707	1927	102	0	11931	13857	1	1927	0.0	2994	68745	1927
TLL29_opera_contig_162838_provirus_247241_315985	TLL67_k99_304721	100.000	1617	0	0	35117	36733	1617	1	0.0	2987	68745	1617
TLL29_opera_contig_162838_provirus_247241_315985	TLL49_k99_92082	99.754	1626	4	0	14439	16064	1626	1	0.0	2981	68745	1626
TLL29_opera_contig_162838_provirus_247241_315985	TLL72_k99_15418	99.876	1612	2	0	43100	44711	1612	1	0.0	2966	68745	1612
TLL29_opera_contig_162838_provirus_247241_315985	TLL1_k99_54921	89.142	2367	251	6	23657	26020	1999	4362	0.0	2942	68745	7529
TLL29_opera_contig_162838_provirus_247241_315985	TLL1_k99_54921	87.808	894	102	5	47840	48730	4435	5324	0.0	1040	68745	7529
TLL29_opera_contig_162838_provirus_247241_315985	TLL101_k99_127065	79.636	4125	794	39	14258	18359	1	4102	0.0	2922	68745	6738
TLL29_opera_contig_162838_provirus_247241_315985	TLL101_k99_127065	78.739	1190	222	22	18902	20069	5206	6386	0.0	767	68745	6738
TLL29_opera_contig_162838_provirus_247241_315985	TLL49_k99_409935	100.000	1582	0	0	66312	67893	1	1582	0.0	2922	68745	1582
TLL29_opera_contig_162838_provirus_247241_315985	TLL71_k99_394545	98.775	1632	19	1	67115	68745	2200	569	0.0	2902	68745	2265
TLL29_opera_contig_162838_provirus_247241_315985	TLL84_k99_224392	99.936	1570	1	0	26075	27644	1570	1	0.0	2894	68745	1570
TLL29_opera_contig_162838_provirus_247241_315985	TLL84_k99_170882	99.936	1571	0	1	7389	8959	1570	1	0.0	2894	68745	1570
TLL29_opera_contig_162838_provirus_247241_315985	TLL7_k99_188402	100.000	1558	0	0	45517	47074	1	1558	0.0	2878	68745	1558
TLL29_opera_contig_162838_provirus_247241_315985	TLL99_k99_45410	84.571	2936	403	41	56130	59043	18774	15867	0.0	2867	68745	20906
TLL29_opera_contig_162838_provirus_247241_315985	TLL100_k99_390951	95.529	1767	77	1	18405	20171	1423	3187	0.0	2824	68745	3187
TLL29_opera_contig_162838_provirus_247241_315985	TLL100_k99_390951	92.921	1342	95	0	17063	18404	1	1342	0.0	1953	68745	3187
TLL29_opera_contig_162838_provirus_247241_315985	TLL106_k99_201732	100.000	1525	0	0	18397	19921	1525	1	0.0	2817	68745	1525
TLL29_opera_contig_162838_provirus_247241_315985	TLL101_k99_222700	77.896	4696	925	86	33017	37649	5681	1036	0.0	2817	68745	7244
TLL29_opera_contig_162838_provirus_247241_315985	TLL101_k99_222700	81.759	1524	261	15	30256	31771	7229	5715	0.0	1258	68745	7244
TLL29_opera_contig_162838_provirus_247241_315985	TLL89_k99_316951	100.000	1522	0	0	8673	10194	1	1522	0.0	2811	68745	1522
TLL29_opera_contig_162838_provirus_247241_315985	TLL38_k99_313775	80.216	3801	704	41	14583	18359	6362	2586	0.0	2809	68745	6362
TLL29_opera_contig_162838_provirus_247241_315985	TLL38_k99_313775	78.834	1715	319	34	18405	20090	2460	761	0.0	1116	68745	6362
TLL29_opera_contig_162838_provirus_247241_315985	TLL17_k99_220702	100.000	1517	0	0	64607	66123	1517	1	0.0	2802	68745	1616
TLL29_opera_contig_162838_provirus_247241_315985	TLL100_k99_136337	97.609	1631	39	0	67115	68745	82255	83885	0.0	2796	68745	93648
TLL29_opera_contig_162838_provirus_247241_315985	TLL34_k99_171790	90.256	2145	196	6	59149	61281	1	2144	0.0	2791	68745	2145
TLL29_opera_contig_162838_provirus_247241_315985	TLL84_k99_189291	99.803	1519	3	0	20307	21825	1519	1	0.0	2789	68745	1519
TLL29_opera_contig_162838_provirus_247241_315985	TLL89_k99_7780	100.000	1509	0	0	46424	47932	1	1509	0.0	2787	68745	1509
TLL29_opera_contig_162838_provirus_247241_315985	TLL77_k99_74836	91.023	2072	176	1	59253	61314	1	2072	0.0	2787	68745	2760
TLL29_opera_contig_162838_provirus_247241_315985	TLL77_k99_74836	90.654	107	8	2	61841	61946	2181	2286	3.03e-28	141	68745	2760
TLL29_opera_contig_162838_provirus_247241_315985	TLL37_k99_6867	77.464	4748	993	59	4246	8945	10320	15038	0.0	2769	68745	34888
TLL29_opera_contig_162838_provirus_247241_315985	TLL37_k99_6867	76.534	2949	659	27	16	2946	4912	7845	0.0	1581	68745	34888
TLL29_opera_contig_162838_provirus_247241_315985	TLL37_k99_6867	81.514	687	123	4	9820	10504	15893	16577	5.45e-155	562	68745	34888
TLL29_opera_contig_162838_provirus_247241_315985	TLL17_k99_40273	99.933	1500	1	0	59600	61099	1500	1	0.0	2765	68745	1500
TLL29_opera_contig_162838_provirus_247241_315985	TLL48_k99_126227	80.931	3566	612	55	33017	36552	6993	10520	0.0	2756	68745	10520
TLL29_opera_contig_162838_provirus_247241_315985	TLL48_k99_126227	81.106	1646	285	23	30137	31771	5331	6961	0.0	1293	68745	10520
TLL29_opera_contig_162838_provirus_247241_315985	TLL48_k99_126227	79.124	1073	200	20	27276	28336	3134	4194	0.0	719	68745	10520
TLL29_opera_contig_162838_provirus_247241_315985	TLL18_k99_110302	99.933	1494	1	0	45671	47164	1494	1	0.0	2754	68745	1494
TLL29_opera_contig_162838_provirus_247241_315985	TLL95_k99_104948	100.000	1486	0	0	67260	68745	2036	551	0.0	2745	68745	2036
TLL29_opera_contig_162838_provirus_247241_315985	TLL19_k99_306800	77.574	4691	949	82	33017	37649	11030	6385	0.0	2739	68745	30407
TLL29_opera_contig_162838_provirus_247241_315985	TLL19_k99_306800	81.377	1627	285	16	30152	31771	12677	11062	0.0	1310	68745	30407
TLL29_opera_contig_162838_provirus_247241_315985	TLL19_k99_306800	78.328	1675	294	45	27241	28877	15063	13420	0.0	1018	68745	30407
TLL29_opera_contig_162838_provirus_247241_315985	TLL19_k99_306800	76.393	305	68	4	25825	26127	16508	16206	2.32e-34	161	68745	30407
TLL29_opera_contig_162838_provirus_247241_315985	TLL19_k99_306800	90.123	81	5	3	29680	29758	15129	15050	1.43e-16	102	68745	30407
TLL29_opera_contig_162838_provirus_247241_315985	TLL7_k99_2516	99.932	1478	1	0	25678	27155	1478	1	0.0	2724	68745	1478
TLL29_opera_contig_162838_provirus_247241_315985	TLL18_k99_591665	100.000	1463	0	0	47195	48657	1463	1	0.0	2702	68745	1463
TLL29_opera_contig_162838_provirus_247241_315985	TLL7_k99_119834	99.932	1463	1	0	27527	28989	1463	1	0.0	2697	68745	1463
TLL29_opera_contig_162838_provirus_247241_315985	TLL84_k99_88864	100.000	1459	0	0	45860	47318	1	1459	0.0	2695	68745	1459
TLL29_opera_contig_162838_provirus_247241_315985	TLL67_k99_229295	99.931	1456	1	0	5240	6695	1	1456	0.0	2684	68745	1456
TLL29_opera_contig_162838_provirus_247241_315985	TLL100_k99_126924	79.416	3906	717	67	33017	36872	1788	5656	0.0	2678	68745	5693
TLL29_opera_contig_162838_provirus_247241_315985	TLL100_k99_126924	81.040	1635	287	20	30146	31771	134	1754	0.0	1280	68745	5693
TLL29_opera_contig_162838_provirus_247241_315985	TLL89_k99_320217	100.000	1445	0	0	22089	23533	1445	1	0.0	2669	68745	1445
TLL29_opera_contig_162838_provirus_247241_315985	TLL49_k99_358303	99.791	1438	3	0	28291	29728	1	1438	0.0	2639	68745	1438
TLL29_opera_contig_162838_provirus_247241_315985	TLL49_k99_7978	85.333	2550	363	7	6404	8945	4316	1770	0.0	2627	68745	12129
TLL29_opera_contig_162838_provirus_247241_315985	TLL49_k99_7978	81.368	687	124	4	9820	10504	915	231	2.54e-153	556	68745	12129
TLL29_opera_contig_162838_provirus_247241_315985	TLL100_k99_307091	88.994	2117	224	8	6364	8476	2112	1	0.0	2610	68745	2126
TLL29_opera_contig_162838_provirus_247241_315985	TLL67_k99_129826	99.858	1404	2	0	40996	42399	1404	1	0.0	2582	68745	1404
TLL29_opera_contig_162838_provirus_247241_315985	TLL106_k99_226286	100.000	1390	0	0	58851	60240	1390	1	0.0	2567	68745	1390
TLL29_opera_contig_162838_provirus_247241_315985	TLL100_k99_37954	88.921	2067	223	6	4209	6272	271	2334	0.0	2543	68745	2334
TLL29_opera_contig_162838_provirus_247241_315985	TLL105_k99_157607	99.498	1395	4	2	52133	53524	1	1395	0.0	2534	68745	1395
TLL29_opera_contig_162838_provirus_247241_315985	TLL88_k99_460271	81.045	3234	567	38	28521	31739	11968	15170	0.0	2534	68745	15316
TLL29_opera_contig_162838_provirus_247241_315985	TLL88_k99_460271	82.170	1060	170	16	27238	28286	10890	11941	0.0	893	68745	15316
TLL29_opera_contig_162838_provirus_247241_315985	TLL88_k99_460271	90.000	80	7	1	29680	29758	10827	10906	1.43e-16	102	68745	15316
TLL29_opera_contig_162838_provirus_247241_315985	TLL88_k99_460271	89.024	82	8	1	29679	29759	12666	12747	5.14e-16	100	68745	15316
TLL29_opera_contig_162838_provirus_247241_315985	TLL39_k99_401518	82.858	2841	462	16	4199	7019	325	3160	0.0	2525	68745	3165
TLL29_opera_contig_162838_provirus_247241_315985	TLL72_k99_207130	99.635	1368	5	0	48682	50049	1	1368	0.0	2499	68745	1368
TLL29_opera_contig_162838_provirus_247241_315985	TLL17_k99_115764	99.926	1354	1	0	32077	33430	1354	1	0.0	2495	68745	1354
TLL29_opera_contig_162838_provirus_247241_315985	TLL39_k99_115281	91.262	1831	155	5	57198	59025	1	1829	0.0	2490	68745	1899
TLL29_opera_contig_162838_provirus_247241_315985	TLL16_k99_172917	96.809	1504	22	20	55269	56759	1491	1	0.0	2488	68745	1491
TLL29_opera_contig_162838_provirus_247241_315985	TLL67_k99_311103	99.925	1336	1	0	834	2169	1	1336	0.0	2462	68745	1336
TLL29_opera_contig_162838_provirus_247241_315985	TLL89_k99_179570	100.000	1327	0	0	49764	51090	1	1327	0.0	2451	68745	1327
TLL29_opera_contig_162838_provirus_247241_315985	TLL88_k99_92371	95.493	1531	69	0	50665	52195	1531	1	0.0	2446	68745	1531
TLL29_opera_contig_162838_provirus_247241_315985	TLL30_k99_97743	77.002	4370	941	49	4246	8573	939	5286	0.0	2444	68745	5287
TLL29_opera_contig_162838_provirus_247241_315985	TLL30_k99_331464	84.337	2490	386	4	421	2908	2519	32	0.0	2435	68745	2519
TLL29_opera_contig_162838_provirus_247241_315985	TLL84_k99_48909	99.924	1314	1	0	65681	66994	14	1327	0.0	2422	68745	1327
TLL29_opera_contig_162838_provirus_247241_315985	TLL106_k99_27975	100.000	1309	0	0	60262	61570	1	1309	0.0	2418	68745	1309
TLL29_opera_contig_162838_provirus_247241_315985	TLL30_k99_19146	95.216	1526	73	0	50614	52139	1	1526	0.0	2414	68745	1526
TLL29_opera_contig_162838_provirus_247241_315985	TLL84_k99_290745	99.324	1331	9	0	64361	65691	1331	1	0.0	2409	68745	1331
TLL29_opera_contig_162838_provirus_247241_315985	TLL72_k99_79588	99.846	1299	2	0	22301	23599	1299	1	0.0	2388	68745	1299
TLL29_opera_contig_162838_provirus_247241_315985	TLL89_k99_121156	100.000	1290	0	0	4756	6045	1	1290	0.0	2383	68745	1290
TLL29_opera_contig_162838_provirus_247241_315985	TLL57_k99_306577	100.000	1284	0	0	18714	19997	1284	1	0.0	2372	68745	1284
TLL29_opera_contig_162838_provirus_247241_315985	TLL101_k99_58676	81.368	2968	491	50	33017	35957	2933	1	0.0	2361	68745	13406
TLL29_opera_contig_162838_provirus_247241_315985	TLL101_k99_58676	81.785	1636	279	19	30152	31779	4580	2956	0.0	1352	68745	13406
TLL29_opera_contig_162838_provirus_247241_315985	TLL101_k99_58676	79.211	1039	194	18	27309	28336	6759	5732	0.0	702	68745	13406
TLL29_opera_contig_162838_provirus_247241_315985	TLL101_k99_58676	80.049	406	79	2	24465	24869	10188	9784	4.72e-76	300	68745	13406
TLL29_opera_contig_162838_provirus_247241_315985	TLL101_k99_58676	90.000	80	7	1	29680	29758	6897	6818	1.43e-16	102	68745	13406
TLL29_opera_contig_162838_provirus_247241_315985	TLL12_k99_371596	89.968	1864	132	45	54179	56001	1850	1	0.0	2355	68745	2066
TLL29_opera_contig_162838_provirus_247241_315985	TLL51_k99_137323	99.689	1286	4	0	67460	68745	7063	5778	0.0	2353	68745	7063
TLL29_opera_contig_162838_provirus_247241_315985	TLL80_k99_85868	79.957	3233	611	30	33017	36230	7452	4238	0.0	2346	68745	25020
TLL29_opera_contig_162838_provirus_247241_315985	TLL80_k99_85868	81.857	1626	279	14	30152	31771	9099	7484	0.0	1354	68745	25020
TLL29_opera_contig_162838_provirus_247241_315985	TLL80_k99_85868	80.642	1059	180	20	27276	28320	11309	10262	0.0	797	68745	25020
TLL29_opera_contig_162838_provirus_247241_315985	TLL80_k99_85868	80.929	409	78	0	24461	24869	14723	14315	2.80e-83	324	68745	25020
TLL29_opera_contig_162838_provirus_247241_315985	TLL80_k99_85868	88.506	87	7	3	29680	29763	11423	11337	1.43e-16	102	68745	25020
TLL29_opera_contig_162838_provirus_247241_315985	TLL28_k99_72371	84.589	2362	340	22	56697	59043	298	2650	0.0	2324	68745	14003
TLL29_opera_contig_162838_provirus_247241_315985	TLL105_k99_123238	99.920	1257	1	0	26318	27574	1257	1	0.0	2316	68745	1257
TLL29_opera_contig_162838_provirus_247241_315985	TLL67_k99_281022	100.000	1253	0	0	2735	3987	1	1253	0.0	2314	68745	1253
TLL29_opera_contig_162838_provirus_247241_315985	TLL84_k99_162891	100.000	1251	0	0	59656	60906	1	1251	0.0	2311	68745	1251
TLL29_opera_contig_162838_provirus_247241_315985	TLL106_k99_215342	99.293	1273	9	0	29408	30680	1	1273	0.0	2302	68745	1273
TLL29_opera_contig_162838_provirus_247241_315985	TLL41_k99_72041	84.443	2359	343	22	56700	59043	4875	2526	0.0	2302	68745	10203
TLL29_opera_contig_162838_provirus_247241_315985	TLL40_k99_39491	84.443	2359	343	22	56700	59043	4521	2172	0.0	2302	68745	5828
TLL29_opera_contig_162838_provirus_247241_315985	TLL26_k99_22366	84.420	2362	344	22	56697	59043	2677	5029	0.0	2302	68745	5260
TLL29_opera_contig_162838_provirus_247241_315985	TLL16_k99_149468	84.420	2362	344	22	56697	59043	8091	10443	0.0	2302	68745	18588
TLL29_opera_contig_162838_provirus_247241_315985	TLL49_k99_300309	84.400	2359	344	22	56700	59043	2688	339	0.0	2296	68745	3873
TLL29_opera_contig_162838_provirus_247241_315985	TLL35_k99_142416	84.378	2362	345	22	56697	59043	3340	5692	0.0	2296	68745	9116
TLL29_opera_contig_162838_provirus_247241_315985	TLL88_k99_13634	84.358	2359	345	22	56700	59043	3379	1030	0.0	2290	68745	7042
TLL29_opera_contig_162838_provirus_247241_315985	TLL81_k99_197780	84.335	2362	346	22	56697	59043	1514	3866	0.0	2290	68745	3987
TLL29_opera_contig_162838_provirus_247241_315985	TLL80_k99_88247	84.335	2362	346	22	56697	59043	14404	16756	0.0	2290	68745	25337
TLL29_opera_contig_162838_provirus_247241_315985	TLL38_k99_194405	84.358	2359	345	22	56700	59043	11422	9073	0.0	2290	68745	14231
TLL29_opera_contig_162838_provirus_247241_315985	TLL4_k99_28355	84.335	2362	346	22	56697	59043	223	2575	0.0	2290	68745	6981
TLL29_opera_contig_162838_provirus_247241_315985	TLL39_k99_339183	95.772	1419	60	0	33327	34745	1419	1	0.0	2289	68745	1420
TLL29_opera_contig_162838_provirus_247241_315985	TLL51_k99_29728	84.322	2360	344	24	56700	59043	11669	9320	0.0	2285	68745	14618
TLL29_opera_contig_162838_provirus_247241_315985	TLL89_k99_30954	84.251	2362	348	22	56697	59043	1273	3625	0.0	2279	68745	27698
TLL29_opera_contig_162838_provirus_247241_315985	TLL83_k99_129207	84.188	2359	349	22	56700	59043	16114	13765	0.0	2268	68745	17633
TLL29_opera_contig_162838_provirus_247241_315985	TLL31_k99_117438	84.360	2321	338	21	56697	59003	1305	3614	0.0	2252	68745	3618
TLL29_opera_contig_162838_provirus_247241_315985	TLL43_k99_136850	85.346	2170	312	3	6404	8567	2170	1	0.0	2241	68745	7728
TLL29_opera_contig_162838_provirus_247241_315985	TLL18_k99_305400	100.000	1213	0	0	48672	49884	1213	1	0.0	2241	68745	1213
TLL29_opera_contig_162838_provirus_247241_315985	TLL89_k99_187926	99.917	1209	1	0	37204	38412	1	1209	0.0	2228	68745	1209
TLL29_opera_contig_162838_provirus_247241_315985	TLL106_k99_206093	100.000	1204	0	0	67349	68552	1	1204	0.0	2224	68745	1204
TLL29_opera_contig_162838_provirus_247241_315985	TLL89_k99_301716	100.000	1201	0	0	621	1821	1201	1	0.0	2218	68745	1201
TLL29_opera_contig_162838_provirus_247241_315985	TLL106_k99_283503	100.000	1196	0	0	20268	21463	1196	1	0.0	2209	68745	1196
TLL29_opera_contig_162838_provirus_247241_315985	TLL95_k99_134118	100.000	1194	0	0	65143	66336	1194	1	0.0	2206	68745	1194
TLL29_opera_contig_162838_provirus_247241_315985	TLL89_k99_29595	100.000	1194	0	0	57878	59071	1	1194	0.0	2206	68745	1194
TLL29_opera_contig_162838_provirus_247241_315985	TLL48_k99_181376	91.200	1625	140	3	7321	8944	12831	11209	0.0	2206	68745	12836
TLL29_opera_contig_162838_provirus_247241_315985	TLL48_k99_181376	83.554	681	110	2	9827	10506	10346	9667	3.17e-177	636	68745	12836
TLL29_opera_contig_162838_provirus_247241_315985	TLL100_k99_392684	96.388	1329	48	0	33737	35065	1329	1	0.0	2189	68745	1329
TLL29_opera_contig_162838_provirus_247241_315985	TLL27_k99_61205	89.930	1718	146	23	56132	57832	1708	1	0.0	2189	68745	13181
TLL29_opera_contig_162838_provirus_247241_315985	TLL77_k99_8973	90.248	1692	139	21	56132	57807	3617	1936	0.0	2187	68745	3700
TLL29_opera_contig_162838_provirus_247241_315985	TLL77_k99_8973	92.060	1209	87	9	57822	59025	1802	598	0.0	1692	68745	3700
TLL29_opera_contig_162838_provirus_247241_315985	TLL57_k99_111783	97.574	1278	29	2	60192	61468	1299	23	0.0	2187	68745	1299
TLL29_opera_contig_162838_provirus_247241_315985	TLL41_k99_181808	89.651	1720	168	7	47507	49222	1	1714	0.0	2182	68745	1714
TLL29_opera_contig_162838_provirus_247241_315985	TLL6_k99_62346	86.660	1979	253	10	60179	62150	1975	1	0.0	2182	68745	1987
TLL29_opera_contig_162838_provirus_247241_315985	TLL27_k99_49743	100.000	1180	0	0	67167	68346	1	1180	0.0	2180	68745	1180
TLL29_opera_contig_162838_provirus_247241_315985	TLL89_k99_129844	99.915	1182	1	0	63764	64945	1	1182	0.0	2178	68745	1182
TLL29_opera_contig_162838_provirus_247241_315985	TLL48_k99_334867	80.137	2925	558	22	38	2949	4429	1515	0.0	2161	68745	13145
TLL29_opera_contig_162838_provirus_247241_315985	TLL84_k99_195063	100.000	1169	0	0	13964	15132	1169	1	0.0	2159	68745	1169
TLL29_opera_contig_162838_provirus_247241_315985	TLL72_k99_82745	100.000	1168	0	0	15956	17123	1	1168	0.0	2158	68745	1168
TLL29_opera_contig_162838_provirus_247241_315985	TLL57_k99_243157	99.083	1200	11	0	35806	37005	1200	1	0.0	2156	68745	1208
TLL29_opera_contig_162838_provirus_247241_315985	TLL67_k99_71206	100.000	1164	0	0	21880	23043	1	1164	0.0	2150	68745	1164
TLL29_opera_contig_162838_provirus_247241_315985	TLL40_k99_119926	98.522	1218	18	0	67528	68745	1	1218	0.0	2150	68745	1779
TLL29_opera_contig_162838_provirus_247241_315985	TLL105_k99_21709	99.492	1181	6	0	41232	42412	1181	1	0.0	2148	68745	1181
TLL29_opera_contig_162838_provirus_247241_315985	TLL41_k99_71422	93.038	1465	102	0	12348	13812	1465	1	0.0	2141	68745	1465
TLL29_opera_contig_162838_provirus_247241_315985	TLL36_k99_12884	84.651	2163	309	21	56697	58844	10674	12828	0.0	2134	68745	12828
TLL29_opera_contig_162838_provirus_247241_315985	TLL11_k99_59378	84.166	2223	328	22	56836	59043	3333	1120	0.0	2134	68745	3334
TLL29_opera_contig_162838_provirus_247241_315985	TLL29_k99_48651	100.000	1153	0	0	61181	62333	1153	1	0.0	2130	68745	1153
TLL29_opera_contig_162838_provirus_247241_315985	TLL39_k99_373976	89.511	1678	176	0	7008	8685	1	1678	0.0	2124	68745	1678
TLL29_opera_contig_162838_provirus_247241_315985	TLL86_k99_211991	99.654	1155	4	0	67591	68745	3693	2539	0.0	2111	68745	3693
TLL29_opera_contig_162838_provirus_247241_315985	TLL72_k99_152510	99.482	1158	3	2	52377	53531	1158	1	0.0	2102	68745	1158
TLL29_opera_contig_162838_provirus_247241_315985	TLL106_k99_290192	99.912	1138	1	0	43973	45110	20	1157	0.0	2097	68745	1157
TLL29_opera_contig_162838_provirus_247241_315985	TLL41_k99_279146	90.787	1563	144	0	14693	16255	1563	1	0.0	2089	68745	1563
TLL29_opera_contig_162838_provirus_247241_315985	TLL18_k99_66405	100.000	1124	0	0	10049	11172	1	1124	0.0	2076	68745	1124
TLL29_opera_contig_162838_provirus_247241_315985	TLL18_k99_107568	80.185	2816	516	35	15565	18359	3273	479	0.0	2071	68745	3273
TLL29_opera_contig_162838_provirus_247241_315985	TLL15_k99_64929	82.596	2350	404	4	705	3050	1	2349	0.0	2069	68745	2524
TLL29_opera_contig_162838_provirus_247241_315985	TLL1_k99_101548	78.437	3237	647	44	33017	36227	15992	19203	0.0	2063	68745	20467
TLL29_opera_contig_162838_provirus_247241_315985	TLL1_k99_101548	79.896	965	176	14	27276	28231	11918	12873	0.0	691	68745	20467
TLL29_opera_contig_162838_provirus_247241_315985	TLL1_k99_101548	72.903	1192	278	33	14474	15643	85	1253	3.55e-97	370	68745	20467
TLL29_opera_contig_162838_provirus_247241_315985	TLL88_k99_180882	91.383	1497	129	0	13330	14826	1	1497	0.0	2050	68745	1497
TLL29_opera_contig_162838_provirus_247241_315985	TLL57_k99_246386	100.000	1109	0	0	30284	31392	1109	1	0.0	2049	68745	1109
TLL29_opera_contig_162838_provirus_247241_315985	TLL7_k99_155905	100.000	1108	0	0	42677	43784	1108	1	0.0	2047	68745	1108
TLL29_opera_contig_162838_provirus_247241_315985	TLL106_k99_315675	100.000	1107	0	0	8395	9501	1107	1	0.0	2045	68745	1107
TLL29_opera_contig_162838_provirus_247241_315985	TLL84_k99_75191	95.347	1311	15	36	54221	55493	1303	1	0.0	2041	68745	1380
TLL29_opera_contig_162838_provirus_247241_315985	TLL72_k99_131401	99.910	1105	1	0	35909	37013	1105	1	0.0	2036	68745	1105
TLL29_opera_contig_162838_provirus_247241_315985	TLL7_k99_259628	99.909	1104	1	0	14425	15528	1104	1	0.0	2034	68745	1104
TLL29_opera_contig_162838_provirus_247241_315985	TLL13_k99_220934	100.000	1099	0	0	62333	63431	1099	1	0.0	2030	68745	1099
TLL29_opera_contig_162838_provirus_247241_315985	TLL3_k99_230177	92.302	1429	110	0	30690	32118	1	1429	0.0	2030	68745	1429
TLL29_opera_contig_162838_provirus_247241_315985	TLL80_k99_165065	98.273	1158	20	0	67588	68745	1	1158	0.0	2028	68745	1728
TLL29_opera_contig_162838_provirus_247241_315985	TLL95_k99_29738	100.000	1094	0	0	9746	10839	1094	1	0.0	2021	68745	1094
TLL29_opera_contig_162838_provirus_247241_315985	TLL7_k99_149487	100.000	1085	0	0	30578	31662	1	1085	0.0	2004	68745	1085
TLL29_opera_contig_162838_provirus_247241_315985	TLL106_k99_216116	100.000	1080	0	0	25092	26171	1080	1	0.0	1995	68745	1080
TLL29_opera_contig_162838_provirus_247241_315985	TLL43_k99_95689	84.254	2064	301	20	56954	59003	1	2054	0.0	1989	68745	6170
TLL29_opera_contig_162838_provirus_247241_315985	TLL67_k99_128179	100.000	1076	0	0	60029	61104	1	1076	0.0	1988	68745	1076
TLL29_opera_contig_162838_provirus_247241_315985	TLL102_k99_114157	80.104	2694	508	25	15680	18359	1	2680	0.0	1980	68745	2714
TLL29_opera_contig_162838_provirus_247241_315985	TLL88_k99_261613	94.862	1265	63	2	24462	25725	1744	481	0.0	1975	68745	1744
TLL29_opera_contig_162838_provirus_247241_315985	TLL88_k99_261613	87.336	229	29	0	25842	26070	229	1	6.19e-65	263	68745	1744
TLL29_opera_contig_162838_provirus_247241_315985	TLL57_k99_71143	100.000	1069	0	0	5400	6468	1069	1	0.0	1975	68745	1069
TLL29_opera_contig_162838_provirus_247241_315985	TLL89_k99_294257	100.000	1065	0	0	47974	49038	1	1065	0.0	1967	68745	1065
TLL29_opera_contig_162838_provirus_247241_315985	TLL25_k99_179461	77.659	3263	695	25	3095	6334	3618	367	0.0	1956	68745	10814
TLL29_opera_contig_162838_provirus_247241_315985	TLL41_k99_84802	93.712	1304	82	0	40968	42271	3	1306	0.0	1954	68745	1307
TLL29_opera_contig_162838_provirus_247241_315985	TLL106_k99_248127	100.000	1055	0	0	40857	41911	1	1055	0.0	1949	68745	1055
TLL29_opera_contig_162838_provirus_247241_315985	TLL72_k99_189357	100.000	1054	0	0	57880	58933	1	1054	0.0	1947	68745	1054
TLL29_opera_contig_162838_provirus_247241_315985	TLL67_k99_234073	100.000	1054	0	0	13189	14242	1	1054	0.0	1947	68745	1054
TLL29_opera_contig_162838_provirus_247241_315985	TLL106_k99_149710	99.905	1050	1	0	15443	16492	1050	1	0.0	1934	68745	1050
TLL29_opera_contig_162838_provirus_247241_315985	TLL44_k99_76869	83.980	2035	305	19	57023	59043	4658	2631	0.0	1932	68745	4665
TLL29_opera_contig_162838_provirus_247241_315985	TLL49_k99_262043	100.000	1044	0	0	64897	65940	1	1044	0.0	1929	68745	1044
TLL29_opera_contig_162838_provirus_247241_315985	TLL18_k99_260746	100.000	1044	0	0	66146	67189	1044	1	0.0	1929	68745	1044
TLL29_opera_contig_162838_provirus_247241_315985	TLL106_k99_189603	100.000	1041	0	0	38759	39799	1	1041	0.0	1923	68745	1041
TLL29_opera_contig_162838_provirus_247241_315985	TLL18_k99_38906	100.000	1041	0	0	1485	2525	1041	1	0.0	1923	68745	1041
TLL29_opera_contig_162838_provirus_247241_315985	TLL41_k99_302306	88.057	1616	186	6	18560	20173	1	1611	0.0	1908	68745	1611
TLL29_opera_contig_162838_provirus_247241_315985	TLL39_k99_59268	84.110	1995	296	19	57063	59043	1	1988	0.0	1908	68745	8848
TLL29_opera_contig_162838_provirus_247241_315985	TLL84_k99_124875	99.903	1033	1	0	67115	68147	467	1499	0.0	1903	68745	1499
TLL29_opera_contig_162838_provirus_247241_315985	TLL99_k99_249380	92.868	1304	93	0	31459	32762	1	1304	0.0	1893	68745	1304
TLL29_opera_contig_162838_provirus_247241_315985	TLL55_k99_53586	78.792	2881	565	36	33017	35873	2860	2	0.0	1893	68745	4123
TLL29_opera_contig_162838_provirus_247241_315985	TLL55_k99_53586	82.085	1228	207	11	30550	31771	4112	2892	0.0	1037	68745	4123
TLL29_opera_contig_162838_provirus_247241_315985	TLL100_k99_105150	81.185	2397	405	37	33361	35738	1	2370	0.0	1886	68745	2385
TLL29_opera_contig_162838_provirus_247241_315985	TLL105_k99_141071	100.000	1020	0	0	46944	47963	1	1020	0.0	1884	68745	1020
TLL29_opera_contig_162838_provirus_247241_315985	TLL52_k99_254456	84.006	1982	296	19	57076	59043	1	1975	0.0	1884	68745	11546
TLL29_opera_contig_162838_provirus_247241_315985	TLL48_k99_216807	92.780	1302	94	0	42720	44021	1	1302	0.0	1884	68745	1302
TLL29_opera_contig_162838_provirus_247241_315985	TLL88_k99_266108	92.675	1297	95	0	43951	45247	1297	1	0.0	1869	68745	1300
TLL29_opera_contig_162838_provirus_247241_315985	TLL67_k99_183586	99.803	1017	2	0	51918	52934	1017	1	0.0	1868	68745	1017
TLL29_opera_contig_162838_provirus_247241_315985	TLL57_k99_412535	95.374	1189	14	33	54262	55415	1183	1	0.0	1853	68745	1183
TLL29_opera_contig_162838_provirus_247241_315985	TLL88_k99_10766	93.554	1241	79	1	49302	50542	1	1240	0.0	1847	68745	1240
TLL29_opera_contig_162838_provirus_247241_315985	TLL57_k99_376059	99.900	1003	1	0	51205	52207	1003	1	0.0	1847	68745	1003
TLL29_opera_contig_162838_provirus_247241_315985	TLL67_k99_13845	96.470	1133	8	25	54674	55782	1125	1	0.0	1842	68745	1125
TLL29_opera_contig_162838_provirus_247241_315985	TLL57_k99_65614	99.701	1003	3	0	61447	62449	1003	1	0.0	1836	68745	1003
TLL29_opera_contig_162838_provirus_247241_315985	TLL106_k99_307583	98.291	1053	5	11	56830	57872	1050	1	0.0	1832	68745	1050
TLL29_opera_contig_162838_provirus_247241_315985	TLL3_k99_143802	88.363	1521	177	0	22359	23879	1521	1	0.0	1829	68745	1538
TLL29_opera_contig_162838_provirus_247241_315985	TLL31_k99_404031	90.943	1358	120	3	21356	22711	1359	3	0.0	1823	68745	2022
TLL29_opera_contig_162838_provirus_247241_315985	TLL31_k99_404031	88.602	658	63	11	20381	21033	2020	1370	0.0	789	68745	2022
TLL29_opera_contig_162838_provirus_247241_315985	TLL48_k99_451990	91.416	1328	111	1	41288	42615	1325	1	0.0	1818	68745	1325
TLL29_opera_contig_162838_provirus_247241_315985	TLL74_k99_267788	80.123	2445	467	17	15924	18359	3422	988	0.0	1805	68745	3424
TLL29_opera_contig_162838_provirus_247241_315985	TLL48_k99_65888	84.287	1852	277	14	57160	59003	3976	2131	0.0	1796	68745	3987
TLL29_opera_contig_162838_provirus_247241_315985	TLL41_k99_157816	92.326	1264	96	1	39661	40923	1264	1	0.0	1796	68745	1558
TLL29_opera_contig_162838_provirus_247241_315985	TLL88_k99_147700	93.719	1194	75	0	16829	18022	1194	1	0.0	1790	68745	1196
TLL29_opera_contig_162838_provirus_247241_315985	TLL6_k99_14728	89.879	1403	127	6	59758	61146	1	1402	0.0	1790	68745	1673
TLL29_opera_contig_162838_provirus_247241_315985	TLL100_k99_209421	85.999	1707	195	35	56132	57807	3271	1578	0.0	1788	68745	3767
TLL29_opera_contig_162838_provirus_247241_315985	TLL100_k99_209421	90.871	1205	106	4	57822	59024	1444	242	0.0	1613	68745	3767
TLL29_opera_contig_162838_provirus_247241_315985	TLL41_k99_20065	91.772	1264	102	2	46078	47340	1370	108	0.0	1757	68745	1375
TLL29_opera_contig_162838_provirus_247241_315985	TLL18_k99_210056	86.784	1589	193	15	56697	58273	1431	3014	0.0	1755	68745	3017
TLL29_opera_contig_162838_provirus_247241_315985	TLL30_k99_399740	83.075	1938	295	23	33017	34942	1437	3353	0.0	1731	68745	3371
TLL29_opera_contig_162838_provirus_247241_315985	TLL30_k99_399740	82.504	1406	236	10	30379	31779	14	1414	0.0	1225	68745	3371
TLL29_opera_contig_162838_provirus_247241_315985	TLL88_k99_263011	94.118	1139	63	4	35842	36979	1136	1	0.0	1729	68745	1139
TLL29_opera_contig_162838_provirus_247241_315985	TLL69_k99_161566	85.150	1697	230	21	56700	58382	1691	3	0.0	1718	68745	2327
TLL29_opera_contig_162838_provirus_247241_315985	TLL72_k99_228216	98.374	984	3	11	56887	57860	1	981	0.0	1716	68745	1003
TLL29_opera_contig_162838_provirus_247241_315985	TLL84_k99_64529	100.000	927	0	0	2761	3687	1019	93	0.0	1712	68745	1019
TLL29_opera_contig_162838_provirus_247241_315985	TLL13_k99_60786	85.303	1667	223	20	56697	58349	1273	2931	0.0	1701	68745	2934
TLL29_opera_contig_162838_provirus_247241_315985	TLL86_k99_23815	95.652	1058	46	0	23708	24765	1	1058	0.0	1700	68745	1058
TLL29_opera_contig_162838_provirus_247241_315985	TLL88_k99_49300	90.358	1286	124	0	14819	16104	1	1286	0.0	1688	68745	1289
TLL29_opera_contig_162838_provirus_247241_315985	TLL100_k99_231031	92.249	1187	90	2	23947	25132	1186	1	0.0	1681	68745	1186
TLL29_opera_contig_162838_provirus_247241_315985	TLL39_k99_66547	95.442	1053	47	1	29765	30817	1	1052	0.0	1677	68745	1052
TLL29_opera_contig_162838_provirus_247241_315985	TLL38_k99_405346	99.890	907	1	0	67839	68745	1	907	0.0	1670	68745	1301
TLL29_opera_contig_162838_provirus_247241_315985	TLL3_k99_19741	90.814	1241	112	2	43460	44699	2	1241	0.0	1659	68745	1241
TLL29_opera_contig_162838_provirus_247241_315985	TLL5_k99_375490	87.509	1457	152	24	56372	57810	1702	258	0.0	1655	68745	1705
TLL29_opera_contig_162838_provirus_247241_315985	TLL51_k99_13870	87.929	1400	139	25	56429	57810	1478	91	0.0	1622	68745	1478
TLL29_opera_contig_162838_provirus_247241_315985	TLL35_k99_355832	99.886	881	1	0	67865	68745	1550	670	0.0	1622	68745	1550
TLL29_opera_contig_162838_provirus_247241_315985	TLL71_k99_309087	83.817	1724	256	21	57291	59003	1788	77	0.0	1616	68745	1794
TLL29_opera_contig_162838_provirus_247241_315985	TLL56_k99_55182	82.080	1875	336	0	10	1884	1876	2	0.0	1602	68745	3798
TLL29_opera_contig_162838_provirus_247241_315985	TLL100_k99_216551	92.536	1112	83	0	10944	12055	79	1190	0.0	1594	68745	1259
TLL29_opera_contig_162838_provirus_247241_315985	TLL85_k99_124656	80.734	2071	376	17	33018	35076	1	2060	0.0	1592	68745	2060
TLL29_opera_contig_162838_provirus_247241_315985	TLL3_k99_193809	91.017	1180	106	0	15677	16856	1180	1	0.0	1592	68745	1182
TLL29_opera_contig_162838_provirus_247241_315985	TLL88_k99_38107	94.000	1050	63	0	37743	38792	1050	1	0.0	1591	68745	1437
TLL29_opera_contig_162838_provirus_247241_315985	TLL88_k99_38107	93.931	379	23	0	37266	37644	1434	1056	2.52e-158	573	68745	1437
TLL29_opera_contig_162838_provirus_247241_315985	TLL16_k99_299298	99.884	860	1	0	67886	68745	1487	628	0.0	1583	68745	1487
TLL29_opera_contig_162838_provirus_247241_315985	TLL103_k99_98371	82.103	1883	301	31	33057	34927	260	2118	0.0	1578	68745	2119
TLL29_opera_contig_162838_provirus_247241_315985	TLL50_k99_253304	95.984	971	39	0	7273	8243	1	971	0.0	1578	68745	1000
TLL29_opera_contig_162838_provirus_247241_315985	TLL101_k99_52711	85.235	1551	207	20	56700	58236	1543	1	0.0	1576	68745	2823
TLL29_opera_contig_162838_provirus_247241_315985	TLL31_k99_263606	79.118	2313	458	22	14921	17220	1	2301	0.0	1572	68745	2303
TLL29_opera_contig_162838_provirus_247241_315985	TLL102_k99_493983	76.610	2920	640	35	50	2946	6471	3572	0.0	1568	68745	10149
TLL29_opera_contig_162838_provirus_247241_315985	TLL102_k99_493983	80.828	652	123	2	3095	3745	2666	2016	2.00e-139	510	68745	10149
TLL29_opera_contig_162838_provirus_247241_315985	TLL84_k99_90667	89.583	1248	106	19	56368	57599	82	1321	0.0	1563	68745	1321
TLL29_opera_contig_162838_provirus_247241_315985	TLL6_k99_229837	87.709	1375	121	39	54179	55514	1366	1	0.0	1559	68745	1684
TLL29_opera_contig_162838_provirus_247241_315985	TLL49_k99_208628	98.309	887	15	0	67859	68745	1	887	0.0	1555	68745	1419
TLL29_opera_contig_162838_provirus_247241_315985	TLL41_k99_153792	87.546	1349	163	3	26284	27628	1348	1	0.0	1555	68745	1348
TLL29_opera_contig_162838_provirus_247241_315985	TLL18_k99_114975	94.955	1011	16	29	53638	54622	1002	1	0.0	1552	68745	1002
TLL29_opera_contig_162838_provirus_247241_315985	TLL23_k99_177400	80.812	1996	357	20	8525	10506	2037	54	0.0	1541	68745	2067
TLL29_opera_contig_162838_provirus_247241_315985	TLL30_k99_534367	81.360	1926	324	30	33021	34924	1721	3633	0.0	1535	68745	3772
TLL29_opera_contig_162838_provirus_247241_315985	TLL51_k99_485543	82.117	1823	289	28	33018	34817	275	2083	0.0	1526	68745	2962
TLL29_opera_contig_162838_provirus_247241_315985	TLL62_k99_128805	76.126	2953	675	26	17	2954	371	3308	0.0	1520	68745	8795
TLL29_opera_contig_162838_provirus_247241_315985	TLL62_k99_128805	77.674	2150	467	11	4196	6338	5165	7308	0.0	1299	68745	8795
TLL29_opera_contig_162838_provirus_247241_315985	TLL100_k99_216798	92.925	1046	70	4	32863	33905	1	1045	0.0	1519	68745	1045
TLL29_opera_contig_162838_provirus_247241_315985	TLL88_k99_304767	92.905	1043	74	0	30172	31214	1043	1	0.0	1517	68745	1512
TLL29_opera_contig_162838_provirus_247241_315985	TLL88_k99_304767	91.477	352	29	1	29812	30163	1506	1156	4.37e-131	483	68745	1512
TLL29_opera_contig_162838_provirus_247241_315985	TLL39_k99_389803	93.843	1007	62	0	30773	31779	1	1007	0.0	1517	68745	1797
TLL29_opera_contig_162838_provirus_247241_315985	TLL3_k99_348439	92.329	1069	78	4	35440	36507	1066	1	0.0	1517	68745	1066
TLL29_opera_contig_162838_provirus_247241_315985	TLL30_k99_533677	85.488	1454	199	10	18405	19853	811	2257	0.0	1506	68745	2257
TLL29_opera_contig_162838_provirus_247241_315985	TLL30_k99_533677	81.792	692	112	11	17675	18359	1	685	1.17e-156	568	68745	2257
TLL29_opera_contig_162838_provirus_247241_315985	TLL17_k99_329724	85.044	1491	201	20	56700	58176	1483	1	0.0	1498	68745	2743
TLL29_opera_contig_162838_provirus_247241_315985	TLL52_k99_48318	75.958	2949	682	24	16	2949	7194	4258	0.0	1493	68745	9204
TLL29_opera_contig_162838_provirus_247241_315985	TLL52_k99_48318	77.923	2138	459	11	4208	6338	2406	275	0.0	1321	68745	9204
TLL29_opera_contig_162838_provirus_247241_315985	TLL28_k99_200834	81.848	1818	291	30	33027	34820	3537	1735	0.0	1493	68745	4625
TLL29_opera_contig_162838_provirus_247241_315985	TLL28_k99_200834	85.484	248	36	0	31492	31739	4622	4375	8.01e-64	259	68745	4625
TLL29_opera_contig_162838_provirus_247241_315985	TLL90_k99_82940	81.768	1821	291	31	33024	34819	10091	8287	0.0	1485	68745	12876
TLL29_opera_contig_162838_provirus_247241_315985	TLL90_k99_82940	81.307	1530	280	5	30253	31779	12412	10886	0.0	1236	68745	12876
TLL29_opera_contig_162838_provirus_247241_315985	TLL67_k99_8570	81.719	1827	293	31	33018	34819	1702	3512	0.0	1485	68745	4261
TLL29_opera_contig_162838_provirus_247241_315985	TLL19_k99_85810	78.771	2294	420	57	33017	35268	2838	5106	0.0	1476	68745	12451
TLL29_opera_contig_162838_provirus_247241_315985	TLL19_k99_85810	81.746	1512	274	2	30253	31763	1293	2803	0.0	1262	68745	12451
TLL29_opera_contig_162838_provirus_247241_315985	TLL102_k99_103000	85.165	1456	194	20	56700	58141	1453	6	0.0	1472	68745	1500
TLL29_opera_contig_162838_provirus_247241_315985	TLL55_k99_24482	90.736	1101	92	1	59363	60453	2	1102	0.0	1459	68745	1102
TLL29_opera_contig_162838_provirus_247241_315985	TLL41_k99_57260	93.198	985	67	0	33017	34001	273	1257	0.0	1448	68745	1260
TLL29_opera_contig_162838_provirus_247241_315985	TLL39_k99_450762	90.545	1100	94	1	59311	60400	1100	1	0.0	1447	68745	1105
TLL29_opera_contig_162838_provirus_247241_315985	TLL41_k99_218260	91.218	1059	93	0	30721	31779	1	1059	0.0	1441	68745	1397
TLL29_opera_contig_162838_provirus_247241_315985	TLL3_k99_380544	90.691	1085	98	2	42389	43473	1082	1	0.0	1441	68745	1088
TLL29_opera_contig_162838_provirus_247241_315985	TLL54_k99_8494	82.020	1713	289	16	8803	10504	4	1708	0.0	1439	68745	9609
TLL29_opera_contig_162838_provirus_247241_315985	TLL12_k99_351930	86.848	1323	119	45	55958	57244	1305	2	0.0	1428	68745	1305
TLL29_opera_contig_162838_provirus_247241_315985	TLL67_k99_309889	82.432	1645	272	11	33017	34657	1994	3625	0.0	1421	68745	3631
TLL29_opera_contig_162838_provirus_247241_315985	TLL67_k99_309889	81.790	1642	281	18	30137	31771	332	1962	0.0	1360	68745	3631
TLL29_opera_contig_162838_provirus_247241_315985	TLL31_k99_430232	91.004	1056	88	7	29143	30195	1	1052	0.0	1417	68745	1052
TLL29_opera_contig_162838_provirus_247241_315985	TLL31_k99_430232	88.095	84	9	1	29679	29761	80	163	1.85e-15	99.0	68745	1052
TLL29_opera_contig_162838_provirus_247241_315985	TLL50_k99_7576	88.956	1159	100	23	56368	57508	96	1244	0.0	1406	68745	1244
TLL29_opera_contig_162838_provirus_247241_315985	TLL38_k99_354875	83.153	1573	224	28	33273	34820	1	1557	0.0	1399	68745	4060
TLL29_opera_contig_162838_provirus_247241_315985	TLL69_k99_10431	78.558	2136	434	17	4217	6334	3155	1026	0.0	1386	68745	8798
TLL29_opera_contig_162838_provirus_247241_315985	TLL3_k99_91108	88.919	1119	122	2	18405	19522	148	1265	0.0	1378	68745	1265
TLL29_opera_contig_162838_provirus_247241_315985	TLL103_k99_100452	87.828	1183	131	12	57099	58272	1182	4	0.0	1375	68745	1182
TLL29_opera_contig_162838_provirus_247241_315985	TLL73_k99_32727	82.069	1634	272	17	30146	31771	235	1855	0.0	1375	68745	2318
TLL29_opera_contig_162838_provirus_247241_315985	TLL73_k99_32727	83.532	419	65	4	33017	33433	1887	2303	9.80e-103	388	68745	2318
TLL29_opera_contig_162838_provirus_247241_315985	TLL48_k99_153482	82.561	1554	269	2	30184	31736	5980	7532	0.0	1367	68745	8599
TLL29_opera_contig_162838_provirus_247241_315985	TLL48_k99_153482	78.681	1304	242	28	26994	28286	2874	4152	0.0	835	68745	8599
TLL29_opera_contig_162838_provirus_247241_315985	TLL48_k99_153482	82.143	812	123	21	24454	25254	111	911	0.0	676	68745	8599
TLL29_opera_contig_162838_provirus_247241_315985	TLL48_k99_153482	74.725	273	52	15	29015	29279	4665	4928	1.10e-17	106	68745	8599
TLL29_opera_contig_162838_provirus_247241_315985	TLL101_k99_13620	78.297	2138	451	12	4208	6338	7217	5086	0.0	1365	68745	16851
TLL29_opera_contig_162838_provirus_247241_315985	TLL84_k99_62129	81.930	1627	274	18	30153	31771	2971	1357	0.0	1358	68745	3375
TLL29_opera_contig_162838_provirus_247241_315985	TLL84_k99_62129	81.297	1342	232	11	33017	34356	1325	1	0.0	1070	68745	3375
TLL29_opera_contig_162838_provirus_247241_315985	TLL100_k99_206256	81.807	1638	275	21	30152	31779	1668	44	0.0	1352	68745	4385
TLL29_opera_contig_162838_provirus_247241_315985	TLL100_k99_206256	79.115	1039	195	18	27309	28336	3847	2820	0.0	697	68745	4385
TLL29_opera_contig_162838_provirus_247241_315985	TLL100_k99_206256	90.000	80	7	1	29680	29758	3985	3906	1.43e-16	102	68745	4385
TLL29_opera_contig_162838_provirus_247241_315985	TLL88_k99_171107	81.785	1636	279	19	30152	31779	2458	834	0.0	1352	68745	8276
TLL29_opera_contig_162838_provirus_247241_315985	TLL88_k99_171107	86.397	816	101	9	33017	33827	811	1	0.0	883	68745	8276
TLL29_opera_contig_162838_provirus_247241_315985	TLL88_k99_171107	79.307	1039	193	18	27309	28336	4637	3610	0.0	708	68745	8276
TLL29_opera_contig_162838_provirus_247241_315985	TLL88_k99_171107	79.596	446	81	8	24433	24874	8093	7654	2.18e-79	311	68745	8276
TLL29_opera_contig_162838_provirus_247241_315985	TLL88_k99_171107	83.770	191	31	0	24211	24401	8272	8082	1.78e-40	182	68745	8276
TLL29_opera_contig_162838_provirus_247241_315985	TLL88_k99_171107	90.000	80	7	1	29680	29758	4775	4696	1.43e-16	102	68745	8276
TLL29_opera_contig_162838_provirus_247241_315985	TLL30_k99_105076	83.109	1486	249	2	4199	5683	195	1679	0.0	1352	68745	1736
TLL29_opera_contig_162838_provirus_247241_315985	TLL65_k99_245698	81.801	1610	289	4	33017	34624	1608	1	0.0	1347	68745	2051
TLL29_opera_contig_162838_provirus_247241_315985	TLL44_k99_302454	82.225	1609	243	32	33230	34812	8	1599	0.0	1347	68745	1726
TLL29_opera_contig_162838_provirus_247241_315985	TLL88_k99_468766	90.430	1024	92	5	26870	27890	1021	1	0.0	1343	68745	1021
TLL29_opera_contig_162838_provirus_247241_315985	TLL5_k99_487525	78.010	2151	457	14	4196	6338	2704	4846	0.0	1338	68745	5346
TLL29_opera_contig_162838_provirus_247241_315985	TLL5_k99_487525	76.852	1525	347	5	1386	2907	1	1522	0.0	856	68745	5346
TLL29_opera_contig_162838_provirus_247241_315985	TLL37_k99_623	90.583	1030	64	27	54645	55648	1	1023	0.0	1334	68745	1090
TLL29_opera_contig_162838_provirus_247241_315985	TLL3_k99_352212	88.828	1092	114	7	34354	35441	1088	1	0.0	1334	68745	1154
TLL29_opera_contig_162838_provirus_247241_315985	TLL100_k99_4495	81.037	1698	290	25	33021	34698	47623	49308	0.0	1323	68745	49332
TLL29_opera_contig_162838_provirus_247241_315985	TLL100_k99_4495	81.687	1529	274	5	30253	31778	44495	46020	0.0	1267	68745	49332
TLL29_opera_contig_162838_provirus_247241_315985	TLL100_k99_4495	80.239	754	132	15	23597	24342	39308	40052	1.18e-151	551	68745	49332
TLL29_opera_contig_162838_provirus_247241_315985	TLL41_k99_62031	78.067	2111	433	21	4246	6335	2980	5081	0.0	1306	68745	5991
TLL29_opera_contig_162838_provirus_247241_315985	TLL88_k99_14733	84.241	1377	176	33	56132	57478	1371	6	0.0	1303	68745	1857
TLL29_opera_contig_162838_provirus_247241_315985	TLL3_k99_289827	95.674	809	34	1	21356	22163	194	1002	0.0	1299	68745	1002
TLL29_opera_contig_162838_provirus_247241_315985	TLL3_k99_289827	93.370	181	12	0	20851	21031	1	181	1.33e-66	268	68745	1002
TLL29_opera_contig_162838_provirus_247241_315985	TLL86_k99_112624	81.200	1633	288	17	30146	31771	1802	182	0.0	1297	68745	9212
TLL29_opera_contig_162838_provirus_247241_315985	TLL86_k99_112624	81.029	933	157	17	27309	28231	4007	3085	0.0	725	68745	9212
TLL29_opera_contig_162838_provirus_247241_315985	TLL86_k99_112624	81.418	409	76	0	24461	24869	7571	7163	1.29e-86	335	68745	9212
TLL29_opera_contig_162838_provirus_247241_315985	TLL85_k99_72364	82.556	1479	252	6	30252	31727	1203	2678	0.0	1297	68745	2678
TLL29_opera_contig_162838_provirus_247241_315985	TLL48_k99_121259	79.607	1834	352	20	16577	18399	2400	578	0.0	1295	68745	2470
TLL29_opera_contig_162838_provirus_247241_315985	TLL41_k99_210465	90.806	968	89	0	36677	37644	1670	703	0.0	1295	68745	1675
TLL29_opera_contig_162838_provirus_247241_315985	TLL41_k99_210465	93.544	697	45	0	37743	38439	697	1	0.0	1038	68745	1675
TLL29_opera_contig_162838_provirus_247241_315985	TLL3_k99_4706	83.286	1418	225	12	57632	59043	1	1412	0.0	1295	68745	6298
TLL29_opera_contig_162838_provirus_247241_315985	TLL31_k99_371227	83.454	1384	229	0	30311	31694	3	1386	0.0	1288	68745	1388
TLL29_opera_contig_162838_provirus_247241_315985	TLL6_k99_269920	88.647	1057	120	0	57947	59003	1	1057	0.0	1288	68745	1244
TLL29_opera_contig_162838_provirus_247241_315985	TLL74_k99_138848	81.848	1526	277	0	30253	31778	1681	3206	0.0	1284	68745	3904
TLL29_opera_contig_162838_provirus_247241_315985	TLL3_k99_101613	88.634	1047	119	0	41214	42260	3	1049	0.0	1275	68745	1049
TLL29_opera_contig_162838_provirus_247241_315985	TLL102_k99_383865	81.788	1521	275	2	30253	31772	1729	210	0.0	1273	68745	1780
TLL29_opera_contig_162838_provirus_247241_315985	TLL30_k99_131432	81.806	1517	276	0	30253	31769	1530	14	0.0	1273	68745	1964
TLL29_opera_contig_162838_provirus_247241_315985	TLL88_k99_492584	87.626	1091	135	0	45215	46305	1	1091	0.0	1267	68745	1091
TLL29_opera_contig_162838_provirus_247241_315985	TLL71_k99_253508	78.147	2018	423	11	4332	6334	3129	1115	0.0	1267	68745	3193
TLL29_opera_contig_162838_provirus_247241_315985	TLL54_k99_17885	81.723	1521	276	2	30253	31772	2828	1309	0.0	1267	68745	3778
TLL29_opera_contig_162838_provirus_247241_315985	TLL54_k99_17885	82.239	1295	209	19	33017	34302	1283	1	0.0	1098	68745	3778
TLL29_opera_contig_162838_provirus_247241_315985	TLL28_k99_137366	81.546	1539	282	2	30253	31790	16108	14571	0.0	1267	68745	26602
TLL29_opera_contig_162838_provirus_247241_315985	TLL28_k99_137366	79.276	1795	321	44	33037	34817	14020	12263	0.0	1206	68745	26602
TLL29_opera_contig_162838_provirus_247241_315985	TLL28_k99_137366	80.539	1336	221	31	26964	28286	19010	17701	0.0	990	68745	26602
TLL29_opera_contig_162838_provirus_247241_315985	TLL28_k99_137366	78.541	1193	219	30	18902	20069	26475	25295	0.0	750	68745	26602
TLL29_opera_contig_162838_provirus_247241_315985	TLL28_k99_137366	80.667	750	121	19	23605	24342	20673	19936	1.96e-154	560	68745	26602
TLL29_opera_contig_162838_provirus_247241_315985	TLL28_k99_137366	75.394	1207	236	43	37749	38922	9467	8289	1.99e-144	527	68745	26602
TLL29_opera_contig_162838_provirus_247241_315985	TLL28_k99_137366	74.702	336	83	2	39747	40081	6380	6046	1.81e-30	148	68745	26602
TLL29_opera_contig_162838_provirus_247241_315985	TLL28_k99_137366	73.993	273	54	15	29015	29279	17188	16925	2.39e-14	95.3	68745	26602
TLL29_opera_contig_162838_provirus_247241_315985	TLL18_k99_3323	81.687	1529	274	5	30253	31778	3997	2472	0.0	1267	68745	4864
TLL29_opera_contig_162838_provirus_247241_315985	TLL18_k99_3323	80.527	873	157	13	33024	33890	866	1	0.0	658	68745	4864
TLL29_opera_contig_162838_provirus_247241_315985	TLL102_k99_114711	81.610	1528	277	3	30253	31778	354	1879	0.0	1262	68745	4672
TLL29_opera_contig_162838_provirus_247241_315985	TLL102_k99_114711	82.583	1200	192	17	33021	34212	3482	4672	0.0	1042	68745	4672
TLL29_opera_contig_162838_provirus_247241_315985	TLL86_k99_70535	95.769	780	33	0	28524	29303	299	1078	0.0	1258	68745	1799
TLL29_opera_contig_162838_provirus_247241_315985	TLL86_k99_70535	94.770	803	41	1	29679	30480	997	1799	0.0	1249	68745	1799
TLL29_opera_contig_162838_provirus_247241_315985	TLL86_k99_70535	98.106	264	5	0	28019	28282	1	264	2.05e-124	460	68745	1799
TLL29_opera_contig_162838_provirus_247241_315985	TLL94_k99_27698	82.837	1410	230	6	33516	34922	25	1425	0.0	1253	68745	1472
TLL29_opera_contig_162838_provirus_247241_315985	TLL23_k99_229478	81.589	1510	276	2	4399	5907	1515	7	0.0	1247	68745	1518
TLL29_opera_contig_162838_provirus_247241_315985	TLL34_k99_82438	80.547	1645	296	23	30137	31771	3188	4818	0.0	1243	68745	5277
TLL29_opera_contig_162838_provirus_247241_315985	TLL34_k99_82438	86.325	117	13	3	29186	29301	2702	2816	3.05e-23	124	68745	5277
TLL29_opera_contig_162838_provirus_247241_315985	TLL3_k99_309515	77.117	2185	474	18	4169	6334	2857	680	0.0	1242	68745	9928
TLL29_opera_contig_162838_provirus_247241_315985	TLL83_k99_257402	82.603	1414	232	13	30253	31659	21	1427	0.0	1236	68745	1427
TLL29_opera_contig_162838_provirus_247241_315985	TLL67_k99_142869	100.000	669	0	0	68077	68745	1254	586	0.0	1236	68745	1254
TLL29_opera_contig_162838_provirus_247241_315985	TLL46_k99_67480	77.039	2182	481	13	4169	6334	3268	1091	0.0	1236	68745	9171
TLL29_opera_contig_162838_provirus_247241_315985	TLL4_k99_33652	77.081	2186	473	20	4169	6334	2462	285	0.0	1236	68745	2609
TLL29_opera_contig_162838_provirus_247241_315985	TLL41_k99_31575	91.028	914	82	0	24812	25725	1030	117	0.0	1234	68745	1292
TLL29_opera_contig_162838_provirus_247241_315985	TLL83_k99_139535	83.186	1356	214	9	33594	34942	1	1349	0.0	1229	68745	1389
TLL29_opera_contig_162838_provirus_247241_315985	TLL30_k99_14165	85.813	1163	157	8	37748	38905	203	1362	0.0	1227	68745	1362
TLL29_opera_contig_162838_provirus_247241_315985	TLL30_k99_14165	89.617	183	19	0	37468	37650	16	198	4.86e-56	233	68745	1362
TLL29_opera_contig_162838_provirus_247241_315985	TLL3_k99_237555	92.317	859	66	0	38086	38944	3	861	0.0	1221	68745	1179
TLL29_opera_contig_162838_provirus_247241_315985	TLL3_k99_237555	94.444	324	18	0	39727	40050	856	1179	4.34e-136	499	68745	1179
TLL29_opera_contig_162838_provirus_247241_315985	TLL55_k99_107426	89.528	974	86	14	56949	57910	1011	42	0.0	1219	68745	1011
TLL29_opera_contig_162838_provirus_247241_315985	TLL65_k99_25224	81.204	1495	279	2	30271	31764	11919	13412	0.0	1203	68745	15841
TLL29_opera_contig_162838_provirus_247241_315985	TLL65_k99_25224	78.505	1177	233	17	33045	34211	14354	15520	0.0	754	68745	15841
TLL29_opera_contig_162838_provirus_247241_315985	TLL5_k99_277218	80.401	1597	299	14	16007	17596	23	1612	0.0	1203	68745	1612
TLL29_opera_contig_162838_provirus_247241_315985	TLL21_k99_205691	82.468	1386	229	12	30261	31639	73	1451	0.0	1201	68745	1455
TLL29_opera_contig_162838_provirus_247241_315985	TLL31_k99_572590	80.893	1523	286	5	30251	31771	352	1871	0.0	1195	68745	2303
TLL29_opera_contig_162838_provirus_247241_315985	TLL37_k99_14158	78.679	1801	373	10	4544	6338	5	1800	0.0	1188	68745	1983
TLL29_opera_contig_162838_provirus_247241_315985	TLL55_k99_31718	80.514	1555	289	11	30237	31784	6076	7623	0.0	1181	68745	30262
TLL29_opera_contig_162838_provirus_247241_315985	TLL55_k99_31718	78.098	1178	238	17	33044	34211	8793	9960	0.0	728	68745	30262
TLL29_opera_contig_162838_provirus_247241_315985	TLL39_k99_84334	86.226	1089	148	2	362	1449	1	1088	0.0	1179	68745	1088
TLL29_opera_contig_162838_provirus_247241_315985	TLL95_k99_174985	83.346	1303	187	22	54982	56265	553	1844	0.0	1177	68745	2959
TLL29_opera_contig_162838_provirus_247241_315985	TLL55_k99_186571	87.634	1027	109	15	56132	57148	1019	1	0.0	1177	68745	1654
TLL29_opera_contig_162838_provirus_247241_315985	TLL98_k99_115277	87.984	1007	100	18	56371	57362	1001	1	0.0	1170	68745	1373
TLL29_opera_contig_162838_provirus_247241_315985	TLL51_k99_487903	79.791	1628	313	13	16693	18312	1620	1	0.0	1170	68745	1620
TLL29_opera_contig_162838_provirus_247241_315985	TLL51_k99_139826	78.359	1816	377	13	742	2549	1809	2	0.0	1162	68745	1860
TLL29_opera_contig_162838_provirus_247241_315985	TLL106_k99_266424	85.819	1093	142	11	56697	57780	512	1600	0.0	1147	68745	1603
TLL29_opera_contig_162838_provirus_247241_315985	TLL39_k99_333546	83.455	1233	204	0	1624	2856	1	1233	0.0	1147	68745	1249
TLL29_opera_contig_162838_provirus_247241_315985	TLL6_k99_72078	81.675	1397	240	12	30288	31676	1	1389	0.0	1147	68745	1403
TLL29_opera_contig_162838_provirus_247241_315985	TLL83_k99_102001	86.598	1067	101	35	54179	55212	1058	1	0.0	1140	68745	1118
TLL29_opera_contig_162838_provirus_247241_315985	TLL29_k99_145843	85.806	1085	141	11	56700	57775	1081	1	0.0	1138	68745	2879
TLL29_opera_contig_162838_provirus_247241_315985	TLL3_k99_176987	91.985	811	65	0	27472	28282	1	811	0.0	1138	68745	1293
TLL29_opera_contig_162838_provirus_247241_315985	TLL3_k99_176987	86.005	443	60	2	28530	28971	852	1293	2.63e-128	473	68745	1293
TLL29_opera_contig_162838_provirus_247241_315985	TLL11_k99_235411	79.222	1646	332	9	4694	6334	2040	400	0.0	1136	68745	2046
TLL29_opera_contig_162838_provirus_247241_315985	TLL99_k99_42359	78.673	1763	327	40	18405	20136	3723	1979	0.0	1127	68745	4083
TLL29_opera_contig_162838_provirus_247241_315985	TLL99_k99_42359	82.946	258	41	3	21070	21326	807	552	6.28e-55	230	68745	4083
TLL29_opera_contig_162838_provirus_247241_315985	TLL108_k99_127184	80.444	1488	279	11	30283	31764	1711	230	0.0	1125	68745	1757
TLL29_opera_contig_162838_provirus_247241_315985	TLL11_k99_53189	85.661	1074	144	9	31928	32996	741	1809	0.0	1122	68745	1915
TLL29_opera_contig_162838_provirus_247241_315985	TLL88_k99_91528	91.063	828	74	0	59144	59971	605	1432	0.0	1120	68745	1432
TLL29_opera_contig_162838_provirus_247241_315985	TLL88_k99_91528	91.881	505	39	2	58522	59025	1	504	0.0	704	68745	1432
TLL29_opera_contig_162838_provirus_247241_315985	TLL31_k99_194194	79.031	1693	312	33	18405	20069	2515	838	0.0	1120	68745	2559
TLL29_opera_contig_162838_provirus_247241_315985	TLL28_k99_201369	83.485	1205	195	4	17157	18359	2274	1072	0.0	1120	68745	2288
TLL29_opera_contig_162838_provirus_247241_315985	TLL41_k99_122247	81.675	1397	205	38	54233	55590	1387	3	0.0	1114	68745	1406
TLL29_opera_contig_162838_provirus_247241_315985	TLL50_k99_262519	83.732	1211	157	29	54564	55745	1200	1	0.0	1109	68745	1203
TLL29_opera_contig_162838_provirus_247241_315985	TLL94_k99_21186	82.474	1261	219	2	30457	31716	2	1261	0.0	1103	68745	1266
TLL29_opera_contig_162838_provirus_247241_315985	TLL24_k99_95645	78.003	1773	378	12	4169	5935	1207	2973	0.0	1103	68745	3108
TLL29_opera_contig_162838_provirus_247241_315985	TLL38_k99_448595	83.618	1172	190	2	30644	31814	1171	1	0.0	1099	68745	1192
TLL29_opera_contig_162838_provirus_247241_315985	TLL41_k99_138551	92.159	778	59	2	49128	49904	1516	740	0.0	1098	68745	1516
TLL29_opera_contig_162838_provirus_247241_315985	TLL88_k99_231769	82.843	1224	208	2	30466	31688	1223	1	0.0	1096	68745	1225
TLL29_opera_contig_162838_provirus_247241_315985	TLL88_k99_120696	82.953	1226	191	12	59935	61146	45	1266	0.0	1090	68745	1315
TLL29_opera_contig_162838_provirus_247241_315985	TLL51_k99_319209	79.464	1529	308	5	30253	31778	952	2477	0.0	1079	68745	4566
TLL29_opera_contig_162838_provirus_247241_315985	TLL51_k99_319209	79.669	423	80	6	33021	33440	4080	4499	4.72e-76	300	68745	4566
TLL29_opera_contig_162838_provirus_247241_315985	TLL100_k99_123505	86.350	989	131	4	25034	26020	1576	590	0.0	1075	68745	1576
