gene	votu_id	dataset	Family	VFC	VC60	VC65	VC70	VC71	VC72	VC73	VC74	VC75	VC76	VC77	VC78	VC79	VC80	VC85	VC90	VC95	PC	itol_label	itol_color
AP017903_44	AP017903	ICTV	Suoliviridae	700	469	406	332	323	312	301	284	273	260	249	244	237	227	184	137	89	204	Suoliviridae_469	#4363d8
TLL74_opera_contig_230346_provirus_13740_120613_77	TLL74_opera_contig_230346_provirus_13740_120613	SPMP		3	625	539	448	435	420	405	387	374	356	339	328	317	301	240	176	113	309	3_625	#ffe119
MZ130500_81	MZ130500	ICTV	Suoliviridae	67	468	405	331	322	311	300	283	272	259	248	243	236	226	184	137	89	204	Suoliviridae_468	#4363d8
MZ130498_69	MZ130498	ICTV	Suoliviridae	67	468	405	331	322	311	300	283	272	259	248	243	236	226	184	137	89	204	Suoliviridae_468	#4363d8
MZ130496_24	MZ130496	ICTV	Suoliviridae	67	468	405	331	322	311	300	283	272	259	248	243	236	226	184	137	89	204	Suoliviridae_468	#4363d8
MT774411_6	MT774411	ICTV	Suoliviridae	67	467	404	331	322	311	300	283	272	259	248	243	236	226	184	137	89	204	Suoliviridae_467	#4363d8
MT774410_33	MT774410	ICTV	Suoliviridae	67	467	404	331	322	311	300	283	272	259	248	243	236	226	184	137	89	204	Suoliviridae_467	#4363d8
MZ130497_24	MZ130497	ICTV	Suoliviridae	67	467	404	331	322	311	300	283	272	259	248	243	236	226	184	137	89	204	Suoliviridae_467	#4363d8
MT774384_32	MT774384	ICTV	Intestiviridae	49	440	382	314	305	294	284	269	259	247	237	232	225	215	177	132	88	578	Intestiviridae_440	#42d4f4
MZ130488_69	MZ130488	ICTV	Intestiviridae	49	441	382	314	305	294	284	269	259	247	237	232	225	215	177	132	88	578	Intestiviridae_441	#42d4f4
OQ198717_2	OQ198717	ICTV	Steigviridae	242	460	397	325	316	305	294	278	267	254	244	239	232	222	183	136	89	204	Steigviridae_460	#469990
MT774394_19	MT774394	ICTV	Intestiviridae	49	440	382	314	305	294	284	269	259	247	237	232	225	215	177	132	88	578	Intestiviridae_440	#42d4f4
MH552500_59	MH552500	ICTV	Intestiviridae	49	440	382	314	305	294	284	269	259	247	237	232	225	215	177	132	88	578	Intestiviridae_440	#42d4f4
BK010471_77	BK010471	ICTV	Intestiviridae	49	441	382	314	305	294	284	269	259	247	237	232	225	215	177	132	88	578	Intestiviridae_441	#42d4f4
OQ198719_2	OQ198719	ICTV	Intestiviridae	49	441	382	314	305	294	284	269	259	247	237	232	225	215	177	132	88	578	Intestiviridae_441	#42d4f4
MT774392_106	MT774392	ICTV	Steigviridae	242	460	397	325	316	305	294	278	267	254	244	239	232	222	183	136	89	204	Steigviridae_460	#469990
MT774385_31	MT774385	ICTV	Steigviridae	242	459	397	325	316	305	294	278	267	254	244	239	232	222	183	136	89	204	Steigviridae_459	#469990
MZ130489_78	MZ130489	ICTV	Crevaviridae	117	442	383	315	306	295	285	270	260	248	238	233	226	216	177	132	88	578	Crevaviridae_442	#911eb4
OQ198718_2	OQ198718	ICTV	Steigviridae	242	460	397	325	316	305	294	278	267	254	244	239	232	222	183	136	89	204	Steigviridae_460	#469990
MZ130487_17	MZ130487	ICTV	Crevaviridae	117	442	383	315	306	295	285	270	260	248	238	233	226	216	177	132	88	578	Crevaviridae_442	#911eb4
KC821624_95	KC821624	ICTV	Steigviridae	884	461	398	326	317	306	295	279	268	255	245	240	233	223	183	136	89	204	Steigviridae_461	#469990
MZ130490_11	MZ130490	ICTV	Crevaviridae	117	443	384	316	307	296	286	270	260	248	238	233	226	216	177	132	88	578	Crevaviridae_443	#911eb4
MT774393_69	MT774393	ICTV	Crevaviridae	117	443	384	316	307	296	286	270	260	248	238	233	226	216	177	132	88	578	Crevaviridae_443	#911eb4
TLL85_opera_contig_82663_provirus_79_56661_22	TLL85_opera_contig_82663_provirus_79_56661	SPMP		10	1026	886	752	725	701	680	656	634	606	582	564	547	521	423	305	182	414	10_1026	#aaffc3
TLL56_opera_contig_161443_provirus_608132_660322_42	TLL56_opera_contig_161443_provirus_608132_660322	SPMP		16	1797	1557	1307	1256	1208	1155	1110	1058	1006	956	911	870	826	631	426	225	91	16_1797	#9acd32
TLL22_opera_contig_114_18	TLL22_opera_contig_114	SPMP		12	1724	1492	1255	1207	1162	1113	1070	1020	970	925	882	846	803	619	424	224	63	12_1724	#808000
TLL30_opera_contig_308_36	TLL30_opera_contig_308	SPMP		2	1811	1567	1313	1261	1212	1159	1113	1061	1009	959	914	871	827	631	426	225	91	2_1811	#f58231
TLL88_opera_contig_347651_provirus_399097_450829_35	TLL88_opera_contig_347651_provirus_399097_450829	SPMP		2	1811	1567	1313	1261	1212	1159	1113	1061	1009	959	914	871	827	631	426	225	91	2_1811	#f58231
TLL10_opera_contig_66_45	TLL10_opera_contig_66	SPMP		2	1811	1567	1313	1261	1212	1159	1113	1061	1009	959	914	871	827	631	426	225	91	2_1811	#f58231
1472_k141_19642_35	1472_k141_19642	J4Dfams	Okuboviridae	16	1795	1556	1307	1256	1208	1155	1110	1058	1006	956	911	870	826	631	426	225	91	Okuboviridae_1795	#2f4f4f
TLL94_opera_contig_188657_provirus_184456_239246_48	TLL94_opera_contig_188657_provirus_184456_239246	SPMP		2	1820	1574	1316	1264	1215	1161	1115	1063	1010	960	914	871	827	631	426	225	91	2_1820	#f58231
TLL96_opera_contig_111_33	TLL96_opera_contig_111	SPMP		2	1820	1574	1316	1264	1215	1161	1115	1063	1010	960	914	871	827	631	426	225	91	2_1820	#f58231
TLL88_352764__full_1_31	TLL88_352764__full_1	SPMP		2	1817	1573	1316	1264	1215	1161	1115	1063	1010	960	914	871	827	631	426	225	91	2_1817	#f58231
TLL74_opera_contig_231637_provirus_345717_393819_43	TLL74_opera_contig_231637_provirus_345717_393819	SPMP		2	1819	1573	1316	1264	1215	1161	1115	1063	1010	960	914	871	827	631	426	225	91	2_1819	#f58231
TLL43_1__0_partial_1_50	TLL43_1__0_partial_1	SPMP		16	1796	1557	1307	1256	1208	1155	1110	1058	1006	956	911	870	826	631	426	225	91	16_1796	#9acd32
TLL86_opera_contig_54_39	TLL86_opera_contig_54	SPMP		2	1810	1566	1312	1260	1211	1158	1113	1061	1009	959	914	871	827	631	426	225	91	2_1810	#f58231
TLL95_115756__full_1_35	TLL95_115756__full_1	SPMP		2	1819	1573	1316	1264	1215	1161	1115	1063	1010	960	914	871	827	631	426	225	91	2_1819	#f58231
TLL70_opera_contig_161725_provirus_170393_216781_30	TLL70_opera_contig_161725_provirus_170393_216781	SPMP		2	1819	1573	1316	1264	1215	1161	1115	1063	1010	960	914	871	827	631	426	225	91	2_1819	#f58231
TLL94_opera_contig_144_40	TLL94_opera_contig_144	SPMP		2	1809	1565	1311	1259	1210	1157	1112	1060	1008	958	913	871	827	631	426	225	91	2_1809	#f58231
TLL106_opera_contig_76_35	TLL106_opera_contig_76	SPMP		16	1795	1556	1307	1256	1208	1155	1110	1058	1006	956	911	870	826	631	426	225	91	16_1795	#9acd32
TLL105_opera_contig_49_37	TLL105_opera_contig_49	SPMP		2	1807	1563	1310	1258	1209	1156	1111	1059	1007	957	912	871	827	631	426	225	1105	2_1807	#f58231
TLL89_opera_contig_117_17	TLL89_opera_contig_117	SPMP		2	1807	1563	1310	1258	1209	1156	1111	1059	1007	957	912	871	827	631	426	225	1105	2_1807	#f58231
TLL79_opera_contig_44_31	TLL79_opera_contig_44	SPMP		2	1807	1563	1310	1258	1209	1156	1111	1059	1007	957	912	871	827	631	426	225	1105	2_1807	#f58231
1447_k141_55668_33	1447_k141_55668	J4Dfams	Okuboviridae	16	1795	1556	1307	1256	1208	1155	1110	1058	1006	956	911	870	826	631	426	225	91	Okuboviridae_1795	#2f4f4f
TLL43_opera_contig_101_40	TLL43_opera_contig_101	SPMP		2	1809	1565	1311	1259	1210	1157	1112	1060	1008	958	913	871	827	631	426	225	91	2_1809	#f58231
TLL105_100041__0_partial_1_34	TLL105_100041__0_partial_1	SPMP		2	1821	1575	1316	1264	1215	1161	1115	1063	1010	960	914	871	827	631	426	225	91	2_1821	#f58231
TLL80_opera_contig_154_provirus_28186_75647_43	TLL80_opera_contig_154_provirus_28186_75647	SPMP		2	1810	1566	1312	1260	1211	1158	1113	1061	1009	959	914	871	827	631	426	225	91	2_1810	#f58231
TLL9_30271__full_1_96	TLL9_30271__full_1	SPMP		2	1821	1575	1316	1264	1215	1161	1115	1063	1010	960	914	871	827	631	426	225	91	2_1821	#f58231
TLL9_opera_contig_30271_provirus_50224_110725_40	TLL9_opera_contig_30271_provirus_50224_110725	SPMP		2	1821	1575	1316	1264	1215	1161	1115	1063	1010	960	914	871	827	631	426	225	91	2_1821	#f58231
1503_k141_56389_36	1503_k141_56389	J4Dfams	Okuboviridae	16	1795	1556	1307	1256	1208	1155	1110	1058	1006	956	911	870	826	631	426	225	91	Okuboviridae_1795	#2f4f4f
TLL25_opera_contig_94_24	TLL25_opera_contig_94	SPMP		2	1809	1565	1311	1259	1210	1157	1112	1060	1008	958	913	871	827	631	426	225	91	2_1809	#f58231
TLL10_145442__full_1_30	TLL10_145442__full_1	SPMP		16	1795	1556	1307	1256	1208	1155	1110	1058	1006	956	911	870	826	631	426	225	91	16_1795	#9acd32
TLL48_183__full_1_41	TLL48_183__full_1	SPMP		2	1810	1566	1312	1260	1211	1158	1113	1061	1009	959	914	871	827	631	426	225	91	2_1810	#f58231
TLL6_opera_contig_191544_provirus_69737_116367_20	TLL6_opera_contig_191544_provirus_69737_116367	SPMP		12	1725	1493	1256	1208	1163	1113	1070	1020	970	925	882	846	803	619	424	224	63	12_1725	#808000
TLL48_opera_contig_247_20	TLL48_opera_contig_247	SPMP		9	1203	1047	895	863	836	806	777	752	719	691	668	648	619	500	360	210	92	9_1203	#fffac8
TLL29_opera_contig_163146_provirus_344353_392311_41	TLL29_opera_contig_163146_provirus_344353_392311	SPMP		2	1815	1571	1316	1264	1215	1161	1115	1063	1010	960	914	871	827	631	426	225	91	2_1815	#f58231
TLL30_opera_contig_356227_provirus_181935_257810_81	TLL30_opera_contig_356227_provirus_181935_257810	SPMP		2	1815	1571	1316	1264	1215	1161	1115	1063	1010	960	914	871	827	631	426	225	91	2_1815	#f58231
TLL42_opera_contig_64010_provirus_26839_74293_37	TLL42_opera_contig_64010_provirus_26839_74293	SPMP		16	1795	1556	1307	1256	1208	1155	1110	1058	1006	956	911	870	826	631	426	225	91	16_1795	#9acd32
TLL35_opera_contig_71_35	TLL35_opera_contig_71	SPMP		2	1812	1568	1314	1262	1213	1159	1113	1061	1009	959	914	871	827	631	426	225	91	2_1812	#f58231
TLL82_opera_contig_183_33	TLL82_opera_contig_183	SPMP		2	1806	1563	1310	1258	1209	1156	1111	1059	1007	957	912	871	827	631	426	225	1105	2_1806	#f58231
TLL35_opera_contig_69_37	TLL35_opera_contig_69	SPMP		2	1812	1568	1314	1262	1213	1159	1113	1061	1009	959	914	871	827	631	426	225	91	2_1812	#f58231
TLL40_opera_contig_197064_provirus_1_47272_39	TLL40_opera_contig_197064_provirus_1_47272	SPMP		2	1812	1568	1314	1262	1213	1159	1113	1061	1009	959	914	871	827	631	426	225	91	2_1812	#f58231
TLL5_opera_contig_306910_provirus_40679_83071_25	TLL5_opera_contig_306910_provirus_40679_83071	SPMP		6	2418	2050	1675	1598	1526	1453	1384	1312	1238	1174	1114	1054	996	731	475	236	139	6_2418	#800000
TLL48_95__full_1_34	TLL48_95__full_1	SPMP		6	2418	2050	1675	1598	1526	1453	1384	1312	1238	1174	1114	1054	996	731	475	236	139	6_2418	#800000
TLL102_opera_contig_414065_provirus_87153_134123_33	TLL102_opera_contig_414065_provirus_87153_134123	SPMP		6	2419	2050	1675	1598	1526	1453	1384	1312	1238	1174	1114	1054	996	731	475	236	139	6_2419	#800000
TLL76_opera_contig_28_provirus_14743_66872_28	TLL76_opera_contig_28_provirus_14743_66872	SPMP		2	1803	1561	1309	1258	1209	1156	1111	1059	1007	957	912	871	827	631	426	225	1105	2_1803	#f58231
TLL30_opera_contig_354358_provirus_720468_768703_28	TLL30_opera_contig_354358_provirus_720468_768703	SPMP		9	1206	1048	896	864	837	807	778	753	719	691	668	648	619	500	360	210	92	9_1206	#fffac8
TLL34_opera_contig_107013_provirus_386194_434113_25	TLL34_opera_contig_107013_provirus_386194_434113	SPMP		9	1206	1048	896	864	837	807	778	753	719	691	668	648	619	500	360	210	92	9_1206	#fffac8
TLL54_opera_contig_185590_provirus_36955_79899_29	TLL54_opera_contig_185590_provirus_36955_79899	SPMP		2	1813	1569	1315	1263	1214	1160	1114	1062	1010	960	914	871	827	631	426	225	91	2_1813	#f58231
TLL57_opera_contig_231620_provirus_65003_110240_30	TLL57_opera_contig_231620_provirus_65003_110240	SPMP		2	1813	1569	1315	1263	1214	1160	1114	1062	1010	960	914	871	827	631	426	225	91	2_1813	#f58231
TLL63_opera_contig_3_provirus_244_36759_37	TLL63_opera_contig_3_provirus_244_36759	SPMP		5	2343	1997	1639	1567	1498	1427	1361	1291	1219	1155	1097	1038	983	721	469	234	62	5_2343	#3cb44b
TLL23_opera_contig_135_30	TLL23_opera_contig_135	SPMP		9	1206	1048	896	864	837	807	778	753	719	691	668	648	619	500	360	210	92	9_1206	#fffac8
TLL54_opera_contig_185654_provirus_188817_234102_30	TLL54_opera_contig_185654_provirus_188817_234102	SPMP		6	2418	2050	1675	1598	1526	1453	1384	1312	1238	1174	1114	1054	996	731	475	236	139	6_2418	#800000
TLL104_opera_contig_94_35	TLL104_opera_contig_94	SPMP		9	1203	1047	895	863	836	806	777	752	719	691	668	648	619	500	360	210	92	9_1203	#fffac8
TLL75_opera_contig_163861_16	TLL75_opera_contig_163861	SPMP		9	1203	1047	895	863	836	806	777	752	719	691	668	648	619	500	360	210	92	9_1203	#fffac8
TLL104_opera_contig_109227_45	TLL104_opera_contig_109227	SPMP		11	2093	1791	1478	1414	1354	1289	1233	1176	1109	1052	1000	945	897	673	447	232	23	11_2093	#f032e6
TLL23_opera_contig_158278_provirus_60568_123222_41	TLL23_opera_contig_158278_provirus_60568_123222	SPMP		6	2416	2049	1675	1598	1526	1453	1384	1312	1238	1174	1114	1054	996	731	475	236	139	6_2416	#800000
TLL44_opera_contig_269133_provirus_43_36023_29	TLL44_opera_contig_269133_provirus_43_36023	SPMP		11	2093	1791	1478	1414	1354	1289	1233	1176	1109	1052	1000	945	897	673	447	232	23	11_2093	#f032e6
TLL23_opera_contig_92_30	TLL23_opera_contig_92	SPMP		9	1205	1048	896	864	837	807	778	753	719	691	668	648	619	500	360	210	92	9_1205	#fffac8
TLL20_184213__0_partial_1_41	TLL20_184213__0_partial_1	SPMP		9	1205	1048	896	864	837	807	778	753	719	691	668	648	619	500	360	210	92	9_1205	#fffac8
TLL97_opera_contig_51_provirus_10226_45323_23	TLL97_opera_contig_51_provirus_10226_45323	SPMP		11	2091	1791	1478	1414	1354	1289	1233	1176	1109	1052	1000	945	897	673	447	232	23	11_2091	#f032e6
TLL11_opera_contig_202_39	TLL11_opera_contig_202	SPMP		9	1205	1048	896	864	837	807	778	753	719	691	668	648	619	500	360	210	92	9_1205	#fffac8
TLL16_opera_contig_97_41	TLL16_opera_contig_97	SPMP		2	1805	1562	1310	1258	1209	1156	1111	1059	1007	957	912	871	827	631	426	225	1105	2_1805	#f58231
TLL53_201179__0_partial_1_26	TLL53_201179__0_partial_1	SPMP		11	2091	1791	1478	1414	1354	1289	1233	1176	1109	1052	1000	945	897	673	447	232	23	11_2091	#f032e6
TLL51_opera_contig_225_37	TLL51_opera_contig_225	SPMP		6	2407	2043	1670	1595	1523	1451	1384	1312	1238	1174	1114	1054	996	731	475	236	139	6_2407	#800000
TLL81_opera_contig_207_23	TLL81_opera_contig_207	SPMP		6	2407	2043	1670	1595	1523	1451	1384	1312	1238	1174	1114	1054	996	731	475	236	139	6_2407	#800000
TLL102_opera_contig_417_34	TLL102_opera_contig_417	SPMP		6	2413	2047	1674	1598	1526	1453	1384	1312	1238	1174	1114	1054	996	731	475	236	139	6_2413	#800000
TLL34_opera_contig_46_provirus_30544_88846_44	TLL34_opera_contig_46_provirus_30544_88846	SPMP		2	1801	1559	1308	1257	1209	1156	1111	1059	1007	957	912	871	827	631	426	225	1105	2_1801	#f58231
OLZB01000065.1_101	OLZB01000065.1	Benler	Flandersviridae	183	418	362	300	291	281	272	258	248	238	228	223	217	207	170	126	84	542	Flandersviridae_418	#000075
OMFP01000029.1_4	OMFP01000029.1	Benler	Flandersviridae	183	418	362	300	291	281	272	258	248	238	228	223	217	207	170	126	84	542	Flandersviridae_418	#000075
TLL66_opera_contig_216489_provirus_492484_543080_46	TLL66_opera_contig_216489_provirus_492484_543080	SPMP		2	1808	1564	1310	1258	1209	1156	1111	1059	1007	957	912	871	827	631	426	225	1105	2_1808	#f58231
TLL60_opera_contig_111_provirus_9_47723_34	TLL60_opera_contig_111_provirus_9_47723	SPMP		6	2419	2050	1675	1598	1526	1453	1384	1312	1238	1174	1114	1054	996	731	475	236	139	6_2419	#800000
TLL88_352763__full_1_36	TLL88_352763__full_1	SPMP		2	1816	1572	1316	1264	1215	1161	1115	1063	1010	960	914	871	827	631	426	225	91	2_1816	#f58231
TLL66_opera_contig_78_21	TLL66_opera_contig_78	SPMP		6	2419	2050	1675	1598	1526	1453	1384	1312	1238	1174	1114	1054	996	731	475	236	139	6_2419	#800000
OMFN01000064.1_9	OMFN01000064.1	Benler	Flandersviridae	183	418	362	300	291	281	272	258	248	238	228	223	217	207	170	126	84	542	Flandersviridae_418	#000075
TLL83_opera_contig_2_provirus_167535_226906_39	TLL83_opera_contig_2_provirus_167535_226906	SPMP		2	1805	1562	1310	1258	1209	1156	1111	1059	1007	957	912	871	827	631	426	225	1105	2_1805	#f58231
TLL44_opera_contig_268576_31	TLL44_opera_contig_268576	SPMP		4	1845	1597	1334	1281	1231	1174	1127	1074	1021	970	924	880	836	637	430	226	228	4_1845	#bfef45
TLL24_108194__0_partial_1_24	TLL24_108194__0_partial_1	SPMP		9	1208	1050	897	865	837	807	778	753	719	691	668	648	619	500	360	210	92	9_1208	#fffac8
TLL47_opera_contig_70515_provirus_2161933_2202870_31	TLL47_opera_contig_70515_provirus_2161933_2202870	SPMP		6	2422	2051	1675	1598	1526	1453	1384	1312	1238	1174	1114	1054	996	731	475	236	139	6_2422	#800000
TLL52_opera_contig_110_provirus_128_39426_25	TLL52_opera_contig_110_provirus_128_39426	SPMP		9	1204	1048	896	864	837	807	778	753	719	691	668	648	619	500	360	210	92	9_1204	#fffac8
TLL48_opera_contig_301_provirus_182_36235_26	TLL48_opera_contig_301_provirus_182_36235	SPMP		9	1204	1048	896	864	837	807	778	753	719	691	668	648	619	500	360	210	92	9_1204	#fffac8
TLL31_211__full_1_38	TLL31_211__full_1	SPMP		4	1842	1594	1331	1278	1228	1172	1126	1074	1021	970	924	880	836	637	430	226	228	4_1842	#bfef45
TLL76_opera_contig_234953_provirus_51125_88404_33	TLL76_opera_contig_234953_provirus_51125_88404	SPMP		6	2417	2049	1675	1598	1526	1453	1384	1312	1238	1174	1114	1054	996	731	475	236	139	6_2417	#800000
TLL23_160564__full_1_35	TLL23_160564__full_1	SPMP		6	2402	2038	1667	1592	1521	1449	1382	1310	1238	1174	1114	1054	996	731	475	236	139	6_2402	#800000
TLL73_154332__0_partial_1_40	TLL73_154332__0_partial_1	SPMP		6	2403	2039	1667	1592	1521	1449	1382	1310	1238	1174	1114	1054	996	731	475	236	139	6_2403	#800000
TLL59_122081__0_partial_2_29	TLL59_122081__0_partial_2	SPMP		6	2403	2039	1667	1592	1521	1449	1382	1310	1238	1174	1114	1054	996	731	475	236	139	6_2403	#800000
TLL72_opera_contig_125744_provirus_395164_442407_31	TLL72_opera_contig_125744_provirus_395164_442407	SPMP		6	2403	2039	1667	1592	1521	1449	1382	1310	1238	1174	1114	1054	996	731	475	236	139	6_2403	#800000
TLL102_opera_contig_165_40	TLL102_opera_contig_165	SPMP		1	1488	1304	1112	1071	1029	988	953	916	874	836	801	772	736	579	408	223	0	1_1488	#e6194B
TLL45_opera_contig_293511_provirus_1_70703_46	TLL45_opera_contig_293511_provirus_1_70703	SPMP		3	620	534	445	432	418	403	385	373	356	339	328	317	301	240	176	113	309	3_620	#ffe119
TLL22_opera_contig_173190_provirus_389964_435763_42	TLL22_opera_contig_173190_provirus_389964_435763	SPMP		11	2093	1791	1478	1414	1354	1289	1233	1176	1109	1052	1000	945	897	673	447	232	23	11_2093	#f032e6
TLL90_opera_contig_98065_provirus_27157_73469_34	TLL90_opera_contig_98065_provirus_27157_73469	SPMP		6	2399	2036	1665	1590	1519	1448	1381	1309	1237	1173	1114	1054	996	731	475	236	139	6_2399	#800000
TLL35_opera_contig_225179_provirus_321182_369188_33	TLL35_opera_contig_225179_provirus_321182_369188	SPMP		4	1843	1595	1332	1279	1229	1173	1127	1074	1021	970	924	880	836	637	430	226	228	4_1843	#bfef45
TLL63_opera_contig_136534_35	TLL63_opera_contig_136534	SPMP		4	1843	1595	1332	1279	1229	1173	1127	1074	1021	970	924	880	836	637	430	226	228	4_1843	#bfef45
TLL27_opera_contig_99_49	TLL27_opera_contig_99	SPMP		6	2410	2045	1672	1596	1524	1452	1384	1312	1238	1174	1114	1054	996	731	475	236	139	6_2410	#800000
TLL103_65113__full_1_16	TLL103_65113__full_1	SPMP		6	2410	2045	1672	1596	1524	1452	1384	1312	1238	1174	1114	1054	996	731	475	236	139	6_2410	#800000
IMGVR_15639783_56	IMGVR_15639783	Heliusvirales	Aineviridae	1	1534	1330	1120	1076	1034	992	956	918	875	837	802	772	736	579	408	223	0	Heliusvirales_1534	#9A6324
TLL12_opera_contig_500_provirus_17394_53021_39	TLL12_opera_contig_500_provirus_17394_53021	SPMP		11	2092	1791	1478	1414	1354	1289	1233	1176	1109	1052	1000	945	897	673	447	232	23	11_2092	#f032e6
TLL32_opera_contig_63107_provirus_54561_101776_33	TLL32_opera_contig_63107_provirus_54561_101776	SPMP		4	1843	1595	1332	1279	1229	1173	1127	1074	1021	970	924	880	836	637	430	226	228	4_1843	#bfef45
TLL81_245662__0_partial_1_25	TLL81_245662__0_partial_1	SPMP		11	2094	1792	1478	1414	1354	1289	1233	1176	1109	1052	1000	945	897	673	447	232	23	11_2094	#f032e6
TLL90_opera_contig_97925_provirus_15874_61792_33	TLL90_opera_contig_97925_provirus_15874_61792	SPMP		6	2410	2045	1672	1596	1524	1452	1384	1312	1238	1174	1114	1054	996	731	475	236	139	6_2410	#800000
TLL44_opera_contig_58_43	TLL44_opera_contig_58	SPMP		4	1841	1593	1331	1278	1228	1172	1126	1074	1021	970	924	880	836	637	430	226	228	4_1841	#bfef45
TLL76_234652__full_1_34	TLL76_234652__full_1	SPMP		6	2402	2038	1667	1592	1521	1449	1382	1310	1238	1174	1114	1054	996	731	475	236	139	6_2402	#800000
TLL18_306109__full_1_55	TLL18_306109__full_1	SPMP		4	1841	1593	1331	1278	1228	1172	1126	1074	1021	970	924	880	836	637	430	226	228	4_1841	#bfef45
TLL49_opera_contig_247905_provirus_1_42086_32	TLL49_opera_contig_247905_provirus_1_42086	SPMP		5	2353	2002	1640	1567	1498	1427	1361	1291	1219	1155	1097	1038	983	721	469	234	62	5_2353	#3cb44b
TLL43_opera_contig_348284_provirus_4636_59002_49	TLL43_opera_contig_348284_provirus_4636_59002	SPMP		5	2339	1993	1638	1566	1498	1427	1361	1291	1219	1155	1097	1038	983	721	469	234	62	5_2339	#3cb44b
TLL38_opera_contig_213033_provirus_24165_66421_34	TLL38_opera_contig_213033_provirus_24165_66421	SPMP		6	2415	2049	1675	1598	1526	1453	1384	1312	1238	1174	1114	1054	996	731	475	236	139	6_2415	#800000
TLL81_opera_contig_245161_46	TLL81_opera_contig_245161	SPMP		4	1847	1599	1334	1281	1231	1174	1127	1074	1021	970	924	880	836	637	430	226	228	4_1847	#bfef45
TLL20_opera_contig_186093_provirus_10704_66869_46	TLL20_opera_contig_186093_provirus_10704_66869	SPMP		4	1847	1599	1334	1281	1231	1174	1127	1074	1021	970	924	880	836	637	430	226	228	4_1847	#bfef45
TLL43_opera_contig_349128_53	TLL43_opera_contig_349128	SPMP		1	1497	1308	1113	1072	1030	989	953	916	874	836	801	772	736	579	408	223	0	1_1497	#e6194B
TLL39_opera_contig_68_provirus_26418_66161_34	TLL39_opera_contig_68_provirus_26418_66161	SPMP		3	619	533	445	432	418	403	385	373	356	339	328	317	301	240	176	113	309	3_619	#ffe119
TLL56_opera_contig_46_58	TLL56_opera_contig_46	SPMP		1	1497	1308	1113	1072	1030	989	953	916	874	836	801	772	736	579	408	223	0	1_1497	#e6194B
TLL35_opera_contig_35_26	TLL35_opera_contig_35	SPMP		4	1845	1597	1334	1281	1231	1174	1127	1074	1021	970	924	880	836	637	430	226	228	4_1845	#bfef45
TLL45_opera_contig_136_provirus_14_59588_43	TLL45_opera_contig_136_provirus_14_59588	SPMP		4	1847	1599	1334	1281	1231	1174	1127	1074	1021	970	924	880	836	637	430	226	228	4_1847	#bfef45
TLL35_opera_contig_230293_provirus_121100_188375_72	TLL35_opera_contig_230293_provirus_121100_188375	SPMP		4	1845	1597	1334	1281	1231	1174	1127	1074	1021	970	924	880	836	637	430	226	228	4_1845	#bfef45
TLL69_opera_contig_78_23	TLL69_opera_contig_78	SPMP		3	622	536	446	433	419	404	386	374	356	339	328	317	301	240	176	113	309	3_622	#ffe119
TLL39_opera_contig_225581_provirus_64_41383_19	TLL39_opera_contig_225581_provirus_64_41383	SPMP		3	622	536	446	433	419	404	386	374	356	339	328	317	301	240	176	113	309	3_622	#ffe119
TLL6_opera_contig_190842_provirus_2_54470_55	TLL6_opera_contig_190842_provirus_2_54470	SPMP		5	2337	1991	1636	1564	1496	1425	1361	1291	1219	1155	1097	1038	983	721	469	234	62	5_2337	#3cb44b
TLL104_opera_contig_109066_provirus_3_54404_53	TLL104_opera_contig_109066_provirus_3_54404	SPMP		5	2337	1991	1636	1564	1496	1425	1361	1291	1219	1155	1097	1038	983	721	469	234	62	5_2337	#3cb44b
TLL74_opera_contig_76_38	TLL74_opera_contig_76	SPMP		4	1846	1598	1334	1281	1231	1174	1127	1074	1021	970	924	880	836	637	430	226	228	4_1846	#bfef45
TLL71_opera_contig_201_40	TLL71_opera_contig_201	SPMP		6	2406	2042	1669	1594	1522	1450	1383	1311	1238	1174	1114	1054	996	731	475	236	139	6_2406	#800000
TLL44_opera_contig_192_28	TLL44_opera_contig_192	SPMP		1	1518	1317	1115	1072	1030	989	953	916	874	836	801	772	736	579	408	223	0	1_1518	#e6194B
TLL93_opera_contig_129_24	TLL93_opera_contig_129	SPMP		5	2340	1994	1638	1566	1498	1427	1361	1291	1219	1155	1097	1038	983	721	469	234	62	5_2340	#3cb44b
TLL77_opera_contig_105037_provirus_124853_186488_30	TLL77_opera_contig_105037_provirus_124853_186488	SPMP		1	1495	1308	1113	1072	1030	989	953	916	874	836	801	772	736	579	408	223	0	1_1495	#e6194B
TLL12_opera_contig_190188_provirus_145365_198557_76	TLL12_opera_contig_190188_provirus_145365_198557	SPMP		5	2337	1991	1636	1564	1496	1425	1361	1291	1219	1155	1097	1038	983	721	469	234	62	5_2337	#3cb44b
TLL99_opera_contig_162334_provirus_173682_214993_39	TLL99_opera_contig_162334_provirus_173682_214993	SPMP		5	2353	2002	1640	1567	1498	1427	1361	1291	1219	1155	1097	1038	983	721	469	234	62	5_2353	#3cb44b
TLL106_opera_contig_152772_provirus_67832_108125_29	TLL106_opera_contig_152772_provirus_67832_108125	SPMP		5	2351	2002	1640	1567	1498	1427	1361	1291	1219	1155	1097	1038	983	721	469	234	62	5_2351	#3cb44b
TLL89_opera_contig_174724_provirus_48337_91182_25	TLL89_opera_contig_174724_provirus_48337_91182	SPMP		5	2352	2002	1640	1567	1498	1427	1361	1291	1219	1155	1097	1038	983	721	469	234	62	5_2352	#3cb44b
TLL107_opera_contig_96707_provirus_5877_50752_25	TLL107_opera_contig_96707_provirus_5877_50752	SPMP		5	2351	2002	1640	1567	1498	1427	1361	1291	1219	1155	1097	1038	983	721	469	234	62	5_2351	#3cb44b
TLL82_opera_contig_171924_provirus_150406_191753_22	TLL82_opera_contig_171924_provirus_150406_191753	SPMP		5	2353	2002	1640	1567	1498	1427	1361	1291	1219	1155	1097	1038	983	721	469	234	62	5_2353	#3cb44b
TLL79_opera_contig_33_42	TLL79_opera_contig_33	SPMP		4	1846	1598	1334	1281	1231	1174	1127	1074	1021	970	924	880	836	637	430	226	228	4_1846	#bfef45
TLL72_opera_contig_126983_provirus_63774_129368_45	TLL72_opera_contig_126983_provirus_63774_129368	SPMP		4	1846	1598	1334	1281	1231	1174	1127	1074	1021	970	924	880	836	637	430	226	228	4_1846	#bfef45
TLL20_opera_contig_189814_provirus_385437_426958_34	TLL20_opera_contig_189814_provirus_385437_426958	SPMP		5	2344	1998	1639	1567	1498	1427	1361	1291	1219	1155	1097	1038	983	721	469	234	62	5_2344	#3cb44b
TLL65_opera_contig_20_provirus_29077_137181_109	TLL65_opera_contig_20_provirus_29077_137181	SPMP		1	1530	1326	1117	1073	1031	989	953	916	874	836	801	772	736	579	408	223	0	1_1530	#e6194B
TLL89_173055__full_1_29	TLL89_173055__full_1	SPMP		6	2411	2046	1673	1597	1525	1453	1384	1312	1238	1174	1114	1054	996	731	475	236	139	6_2411	#800000
TLL40_opera_contig_197061_provirus_136508_199572_70	TLL40_opera_contig_197061_provirus_136508_199572	SPMP		6	2411	2046	1673	1597	1525	1453	1384	1312	1238	1174	1114	1054	996	731	475	236	139	6_2411	#800000
TLL67_opera_contig_197237_provirus_390007_436819_30	TLL67_opera_contig_197237_provirus_390007_436819	SPMP		1	1498	1308	1113	1072	1030	989	953	916	874	836	801	772	736	579	408	223	0	1_1498	#e6194B
TLL99_160010__0_partial_39	TLL99_160010__0_partial	SPMP		1	1530	1326	1117	1073	1031	989	953	916	874	836	801	772	736	579	408	223	0	1_1530	#e6194B
TLL107_opera_contig_62_26	TLL107_opera_contig_62	SPMP		12	1725	1493	1256	1208	1163	1113	1070	1020	970	925	882	846	803	619	424	224	63	12_1725	#808000
TLL38_opera_contig_302_40	TLL38_opera_contig_302	SPMP		5	2341	1995	1638	1566	1498	1427	1361	1291	1219	1155	1097	1038	983	721	469	234	62	5_2341	#3cb44b
TLL47_opera_contig_69644_provirus_207056_249232_32	TLL47_opera_contig_69644_provirus_207056_249232	SPMP		5	2344	1998	1639	1567	1498	1427	1361	1291	1219	1155	1097	1038	983	721	469	234	62	5_2344	#3cb44b
TLL45_293700__0_partial_1_37	TLL45_293700__0_partial_1	SPMP		5	2341	1995	1638	1566	1498	1427	1361	1291	1219	1155	1097	1038	983	721	469	234	62	5_2341	#3cb44b
TLL45_294947__full_1_51	TLL45_294947__full_1	SPMP		5	2341	1995	1638	1566	1498	1427	1361	1291	1219	1155	1097	1038	983	721	469	234	62	5_2341	#3cb44b
TLL6_opera_contig_174_provirus_9735_45552_40	TLL6_opera_contig_174_provirus_9735_45552	SPMP		5	2356	2005	1641	1567	1498	1427	1361	1291	1219	1155	1097	1038	983	721	469	234	62	5_2356	#3cb44b
TLL74_opera_contig_228_34	TLL74_opera_contig_228	SPMP		12	1725	1493	1256	1208	1163	1113	1070	1020	970	925	882	846	803	619	424	224	63	12_1725	#808000
TLL9_opera_contig_30048_provirus_423493_465803_24	TLL9_opera_contig_30048_provirus_423493_465803	SPMP		5	2344	1998	1639	1567	1498	1427	1361	1291	1219	1155	1097	1038	983	721	469	234	62	5_2344	#3cb44b
TLL7_opera_contig_35_24	TLL7_opera_contig_35	SPMP		1	1518	1317	1115	1072	1030	989	953	916	874	836	801	772	736	579	408	223	0	1_1518	#e6194B
TLL98_opera_contig_42_20	TLL98_opera_contig_42	SPMP		3	622	536	446	433	419	404	386	374	356	339	328	317	301	240	176	113	309	3_622	#ffe119
TLL18_opera_contig_307469_provirus_56173_95403_25	TLL18_opera_contig_307469_provirus_56173_95403	SPMP		5	2352	2002	1640	1567	1498	1427	1361	1291	1219	1155	1097	1038	983	721	469	234	62	5_2352	#3cb44b
IMGVR_9086353_37	IMGVR_9086353	Heliusvirales	Utuviridae	262	1464	1285	1098	1058	1018	977	942	907	865	827	793	764	729	578	408	223	0	Heliusvirales_1464	#9A6324
TLL31_opera_contig_449_30	TLL31_opera_contig_449	SPMP		5	2340	1994	1638	1566	1498	1427	1361	1291	1219	1155	1097	1038	983	721	469	234	62	5_2340	#3cb44b
TLL31_opera_contig_327791_provirus_612965_661020_35	TLL31_opera_contig_327791_provirus_612965_661020	SPMP		1	1518	1317	1115	1072	1030	989	953	916	874	836	801	772	736	579	408	223	0	1_1518	#e6194B
TLL106_opera_contig_106_46	TLL106_opera_contig_106	SPMP		1	1513	1317	1115	1072	1030	989	953	916	874	836	801	772	736	579	408	223	0	1_1513	#e6194B
TLL36_opera_contig_51_60	TLL36_opera_contig_51	SPMP		10	1026	886	752	725	701	680	656	634	606	582	564	547	521	423	305	182	414	10_1026	#aaffc3
TLL33_opera_contig_259_16	TLL33_opera_contig_259	SPMP		1	1499	1309	1113	1072	1030	989	953	916	874	836	801	772	736	579	408	223	0	1_1499	#e6194B
TLL6_191940__0_partial_1_38	TLL6_191940__0_partial_1	SPMP		3	617	531	443	431	417	402	384	372	355	339	328	317	301	240	176	113	309	3_617	#ffe119
NatCom_59659_31	NatCom_59659	Heliusvirales	Utuviridae	1	1530	1326	1117	1073	1031	989	953	916	874	836	801	772	736	579	408	223	0	Heliusvirales_1530	#9A6324
TLL87_96804__full_1_39	TLL87_96804__full_1	SPMP		3	617	531	443	431	417	402	384	372	355	339	328	317	301	240	176	113	309	3_617	#ffe119
TLL106_152932__0_partial_1_40	TLL106_152932__0_partial_1	SPMP		5	2349	2001	1640	1567	1498	1427	1361	1291	1219	1155	1097	1038	983	721	469	234	62	5_2349	#3cb44b
TLL3_opera_contig_5_provirus_163614_203926_34	TLL3_opera_contig_5_provirus_163614_203926	SPMP		6	2424	2052	1675	1598	1526	1453	1384	1312	1238	1174	1114	1054	996	731	475	236	139	6_2424	#800000
1229_k141_16905_27	1229_k141_16905	J4Dfams	Tsurumiviridae	13	1766	1529	1286	1237	1191	1138	1094	1043	992	945	900	861	817	626	424	224	128	Tsurumiviridae_1766	#000000
TLL10_opera_contig_144655_provirus_21663_68917_29	TLL10_opera_contig_144655_provirus_21663_68917	SPMP		5	2354	2003	1640	1567	1498	1427	1361	1291	1219	1155	1097	1038	983	721	469	234	62	5_2354	#3cb44b
TLL39_opera_contig_224690_provirus_131346_178658_27	TLL39_opera_contig_224690_provirus_131346_178658	SPMP		5	2354	2003	1640	1567	1498	1427	1361	1291	1219	1155	1097	1038	983	721	469	234	62	5_2354	#3cb44b
TLL37_opera_contig_156053_provirus_22087_70060_28	TLL37_opera_contig_156053_provirus_22087_70060	SPMP		5	2354	2003	1640	1567	1498	1427	1361	1291	1219	1155	1097	1038	983	721	469	234	62	5_2354	#3cb44b
TLL31_327511__full_1_28	TLL31_327511__full_1	SPMP		5	2338	1992	1637	1565	1497	1426	1361	1291	1219	1155	1097	1038	983	721	469	234	62	5_2338	#3cb44b
TLL16_opera_contig_212435_provirus_9323_50652_32	TLL16_opera_contig_212435_provirus_9323_50652	SPMP		3	623	537	446	433	419	404	386	374	356	339	328	317	301	240	176	113	309	3_623	#ffe119
TLL48_opera_contig_253665_provirus_62246_104921_27	TLL48_opera_contig_253665_provirus_62246_104921	SPMP		5	2338	1992	1637	1565	1497	1426	1361	1291	1219	1155	1097	1038	983	721	469	234	62	5_2338	#3cb44b
TLL48_opera_contig_182_provirus_5359_38081_23	TLL48_opera_contig_182_provirus_5359_38081	SPMP		13	1770	1533	1288	1238	1192	1139	1095	1044	993	945	900	861	817	626	424	224	128	13_1770	#00fa9a
TLL34_opera_contig_43_provirus_376_91308_80	TLL34_opera_contig_43_provirus_376_91308	SPMP		1	1526	1323	1117	1073	1031	989	953	916	874	836	801	772	736	579	408	223	0	1_1526	#e6194B
TLL6_opera_contig_189678_provirus_187463_237360_30	TLL6_opera_contig_189678_provirus_187463_237360	SPMP		5	2347	2000	1640	1567	1498	1427	1361	1291	1219	1155	1097	1038	983	721	469	234	62	5_2347	#3cb44b
TLL13_opera_contig_140_31	TLL13_opera_contig_140	SPMP		1	1488	1304	1112	1071	1029	988	953	916	874	836	801	772	736	579	408	223	0	1_1488	#e6194B
NatCom_59788_39	NatCom_59788	Heliusvirales	Atenviridae	534	1477	1295	1106	1066	1025	984	949	913	871	833	799	770	734	579	408	223	0	Heliusvirales_1477	#9A6324
TLL60_148579__0_partial_1_34	TLL60_148579__0_partial_1	SPMP		5	2351	2002	1640	1567	1498	1427	1361	1291	1219	1155	1097	1038	983	721	469	234	62	5_2351	#3cb44b
TLL55_99__full_1_5	TLL55_99__full_1	SPMP		3	624	538	447	434	419	404	386	374	356	339	328	317	301	240	176	113	309	3_624	#ffe119
TLL28_opera_contig_256134_provirus_31570_83920_29	TLL28_opera_contig_256134_provirus_31570_83920	SPMP		3	618	532	444	431	417	402	384	372	355	339	328	317	301	240	176	113	309	3_618	#ffe119
GPD_137368_61	GPD_137368	Heliusvirales	Xiheviridae	673	1539	1335	1125	1081	1039	997	961	922	879	841	806	775	738	581	409	223	0	Heliusvirales_1539	#9A6324
TLL2_opera_contig_150618_provirus_18643_59038_33	TLL2_opera_contig_150618_provirus_18643_59038	SPMP		3	617	531	443	431	417	402	384	372	355	339	328	317	301	240	176	113	309	3_617	#ffe119
TLL88_opera_contig_50_provirus_1_47440_35	TLL88_opera_contig_50_provirus_1_47440	SPMP		1	1498	1308	1113	1072	1030	989	953	916	874	836	801	772	736	579	408	223	0	1_1498	#e6194B
TLL96_opera_contig_203268_provirus_3_47234_28	TLL96_opera_contig_203268_provirus_3_47234	SPMP		1	1498	1308	1113	1072	1030	989	953	916	874	836	801	772	736	579	408	223	0	1_1498	#e6194B
TLL38_opera_contig_213116_provirus_262767_359494_59	TLL38_opera_contig_213116_provirus_262767_359494	SPMP		4	1844	1596	1333	1280	1230	1174	1127	1074	1021	970	924	880	836	637	430	226	228	4_1844	#bfef45
TLL87_opera_contig_245_37	TLL87_opera_contig_245	SPMP		1	1495	1308	1113	1072	1030	989	953	916	874	836	801	772	736	579	408	223	0	1_1495	#e6194B
TLL3_45__full_1_42	TLL3_45__full_1	SPMP		1	1522	1319	1115	1072	1030	989	953	916	874	836	801	772	736	579	408	223	0	1_1522	#e6194B
MN812203_25	MN812203	ICTV	Winoviridae	764	482	418	343	333	322	311	294	283	270	259	254	247	236	192	144	95	309	Winoviridae_482	#a9a9a9
MN812205_24	MN812205	ICTV	Winoviridae	764	482	418	343	333	322	311	294	283	270	259	254	247	236	192	144	95	309	Winoviridae_482	#a9a9a9
TLL26_186913__0_partial_1_35	TLL26_186913__0_partial_1	SPMP		4	1844	1596	1333	1280	1230	1174	1127	1074	1021	970	924	880	836	637	430	226	228	4_1844	#bfef45
TLL29_opera_contig_177_19	TLL29_opera_contig_177	SPMP		12	1724	1492	1255	1207	1162	1113	1070	1020	970	925	882	846	803	619	424	224	63	12_1724	#808000
TLL97_308852__0_partial_1_25	TLL97_308852__0_partial_1	SPMP		12	1724	1492	1255	1207	1162	1113	1070	1020	970	925	882	846	803	619	424	224	63	12_1724	#808000
TLL102_opera_contig_232_40	TLL102_opera_contig_232	SPMP		1	1488	1304	1112	1071	1029	988	953	916	874	836	801	772	736	579	408	223	0	1_1488	#e6194B
TLL65_opera_contig_110209_provirus_38366_84130_10	TLL65_opera_contig_110209_provirus_38366_84130	SPMP		1	1495	1308	1113	1072	1030	989	953	916	874	836	801	772	736	579	408	223	0	1_1495	#e6194B
TLL49_opera_contig_253436_provirus_48063_98520_25	TLL49_opera_contig_253436_provirus_48063_98520	SPMP		45	1479	1296	1107	1067	1026	985	950	914	872	834	800	771	735	579	408	223	0	45_1479	#dcbeff
MT732475_35	MT732475	ICTV	Winoviridae	3	616	530	442	430	416	401	383	371	354	338	327	317	301	240	176	113	309	Winoviridae_616	#a9a9a9
TLL47_opera_contig_74_27	TLL47_opera_contig_74	SPMP		13	1766	1529	1286	1237	1191	1138	1094	1043	992	945	900	861	817	626	424	224	128	13_1766	#00fa9a
1148_k141_13247_30	1148_k141_13247	J4Dfams	Tsurumiviridae	13	1766	1529	1286	1237	1191	1138	1094	1043	992	945	900	861	817	626	424	224	128	Tsurumiviridae_1766	#000000
IMGVR_10151772_55	IMGVR_10151772	Heliusvirales	Utuviridae	993	1450	1272	1087	1048	1009	969	934	900	858	821	788	760	725	576	408	223	0	Heliusvirales_1450	#9A6324
TLL31_opera_contig_324665_provirus_90382_121976_35	TLL31_opera_contig_324665_provirus_90382_121976	SPMP		13	1768	1531	1286	1237	1191	1138	1094	1043	992	945	900	861	817	626	424	224	128	13_1768	#00fa9a
TLL37_opera_contig_132_72	TLL37_opera_contig_132	SPMP		10	1022	885	752	725	701	680	656	634	606	582	564	547	521	423	305	182	414	10_1022	#aaffc3
IMGVR_9707994_46	IMGVR_9707994	Heliusvirales	Xiheviridae	673	1540	1336	1126	1082	1040	998	962	923	880	842	806	775	738	581	409	223	0	Heliusvirales_1540	#9A6324
GPD_142079_77	GPD_142079	Heliusvirales	Xiheviridae	673	1541	1337	1127	1083	1041	999	963	924	881	843	807	776	738	581	409	223	0	Heliusvirales_1541	#9A6324
IMGVR_10030144_19	IMGVR_10030144	Heliusvirales	Aineviridae	817	1474	1293	1104	1064	1024	983	948	912	870	832	798	769	733	579	408	223	0	Heliusvirales_1474	#9A6324
TLL3_opera_contig_354_23	TLL3_opera_contig_354	SPMP		13	1768	1531	1286	1237	1191	1138	1094	1043	992	945	900	861	817	626	424	224	128	13_1768	#00fa9a
TLL81_opera_contig_61_70	TLL81_opera_contig_61	SPMP		10	1022	885	752	725	701	680	656	634	606	582	564	547	521	423	305	182	414	10_1022	#aaffc3
TLL28_opera_contig_136_41	TLL28_opera_contig_136	SPMP		1	1487	1304	1112	1071	1029	988	953	916	874	836	801	772	736	579	408	223	0	1_1487	#e6194B
IMGVR_15526565_42	IMGVR_15526565	Heliusvirales	Utuviridae	1	1532	1328	1118	1074	1032	990	954	917	874	836	801	772	736	579	408	223	0	Heliusvirales_1532	#9A6324
IMGVR_10031994_9	IMGVR_10031994	Heliusvirales	Xiheviridae	673	1538	1334	1124	1080	1038	996	960	922	879	841	806	775	738	581	409	223	0	Heliusvirales_1538	#9A6324
IMGVR_8653577_23	IMGVR_8653577	Heliusvirales	Hunahpuviridae	816	1466	1287	1100	1060	1020	979	944	909	867	829	795	766	731	579	408	223	0	Heliusvirales_1466	#9A6324
IMGVR_15609269_65	IMGVR_15609269	Heliusvirales	Hathorviridae	1	1483	1300	1110	1070	1028	987	952	915	873	835	801	772	736	579	408	223	0	Heliusvirales_1483	#9A6324
TLL102_opera_contig_238_29	TLL102_opera_contig_238	SPMP		1	1487	1304	1112	1071	1029	988	953	916	874	836	801	772	736	579	408	223	0	1_1487	#e6194B
TLL31_300__full_1_51	TLL31_300__full_1	SPMP		1	1497	1308	1113	1072	1030	989	953	916	874	836	801	772	736	579	408	223	0	1_1497	#e6194B
TLL74_36__full_86	TLL74_36__full	SPMP		1	1494	1308	1113	1072	1030	989	953	916	874	836	801	772	736	579	408	223	0	1_1494	#e6194B
TLL14_opera_contig_43_51	TLL14_opera_contig_43	SPMP		10	1026	886	752	725	701	680	656	634	606	582	564	547	521	423	305	182	414	10_1026	#aaffc3
TLL83_232403__0_partial_1_12	TLL83_232403__0_partial_1	SPMP		13	1760	1525	1283	1234	1188	1136	1092	1041	990	944	899	861	817	626	424	224	128	13_1760	#00fa9a
IMGVR_6239616_70	IMGVR_6239616	Heliusvirales	Utuviridae	992	1449	1271	1086	1047	1008	968	933	899	857	820	787	759	724	576	408	223	0	Heliusvirales_1449	#9A6324
TLL5_306037__0_partial_1_20	TLL5_306037__0_partial_1	SPMP		13	1765	1529	1286	1237	1191	1138	1094	1043	992	945	900	861	817	626	424	224	128	13_1765	#00fa9a
CHVD_9721_40	CHVD_9721	Heliusvirales	Hathorviridae	1	1498	1308	1113	1072	1030	989	953	916	874	836	801	772	736	579	408	223	0	Heliusvirales_1498	#9A6324
IMGVR_4225519_30	IMGVR_4225519	Heliusvirales	Utuviridae	1	1536	1332	1122	1078	1036	994	958	920	877	839	804	773	736	579	408	223	0	Heliusvirales_1536	#9A6324
TLL20_opera_contig_95_20	TLL20_opera_contig_95	SPMP		13	1765	1529	1286	1237	1191	1138	1094	1043	992	945	900	861	817	626	424	224	128	13_1765	#00fa9a
TLL99_opera_contig_159997_provirus_44_49576_15	TLL99_opera_contig_159997_provirus_44_49576	SPMP		1	1494	1308	1113	1072	1030	989	953	916	874	836	801	772	736	579	408	223	0	1_1494	#e6194B
TLL21_opera_contig_119_24	TLL21_opera_contig_119	SPMP		1	1523	1320	1116	1073	1031	989	953	916	874	836	801	772	736	579	408	223	0	1_1523	#e6194B
TLL22_174239__full_45	TLL22_174239__full	SPMP		1	1494	1308	1113	1072	1030	989	953	916	874	836	801	772	736	579	408	223	0	1_1494	#e6194B
TLL16_opera_contig_210923_provirus_45914_70876_18	TLL16_opera_contig_210923_provirus_45914_70876	SPMP		13	1769	1532	1287	1237	1191	1138	1094	1043	992	945	900	861	817	626	424	224	128	13_1769	#00fa9a
IMGVR_15529299_35	IMGVR_15529299	Heliusvirales	Aineviridae	1	1523	1320	1116	1073	1031	989	953	916	874	836	801	772	736	579	408	223	0	Heliusvirales_1523	#9A6324
TLL14_59__full_1_14	TLL14_59__full_1	SPMP		1	1523	1320	1116	1073	1031	989	953	916	874	836	801	772	736	579	408	223	0	1_1523	#e6194B
IMGVR_15654663_16	IMGVR_15654663	Heliusvirales	Utuviridae	1	1503	1313	1114	1072	1030	989	953	916	874	836	801	772	736	579	408	223	0	Heliusvirales_1503	#9A6324
0991_k141_46427_23	0991_k141_46427	J4Dfams	Tsurumiviridae	13	1767	1530	1286	1237	1191	1138	1094	1043	992	945	900	861	817	626	424	224	128	Tsurumiviridae_1767	#000000
TLL30_opera_contig_605_35	TLL30_opera_contig_605	SPMP		13	1768	1531	1286	1237	1191	1138	1094	1043	992	945	900	861	817	626	424	224	128	13_1768	#00fa9a
TLL79_opera_contig_167145_provirus_37320_79676_30	TLL79_opera_contig_167145_provirus_37320_79676	SPMP		45	1479	1296	1107	1067	1026	985	950	914	872	834	800	771	735	579	408	223	0	45_1479	#dcbeff
TLL90_opera_contig_98946_provirus_588986_650365_28	TLL90_opera_contig_98946_provirus_588986_650365	SPMP		1	1530	1326	1117	1073	1031	989	953	916	874	836	801	772	736	579	408	223	0	1_1530	#e6194B
1116_k141_52041_29	1116_k141_52041	J4Dfams	Tsurumiviridae	13	1766	1529	1286	1237	1191	1138	1094	1043	992	945	900	861	817	626	424	224	128	Tsurumiviridae_1766	#000000
0322_k141_75823_27	0322_k141_75823	J4Dfams	Tsurumiviridae	13	1767	1530	1286	1237	1191	1138	1094	1043	992	945	900	861	817	626	424	224	128	Tsurumiviridae_1767	#000000
TLL38_opera_contig_224_28	TLL38_opera_contig_224	SPMP		13	1766	1529	1286	1237	1191	1138	1094	1043	992	945	900	861	817	626	424	224	128	13_1766	#00fa9a
TLL36_opera_contig_151999_provirus_605111_640292_27	TLL36_opera_contig_151999_provirus_605111_640292	SPMP		13	1766	1529	1286	1237	1191	1138	1094	1043	992	945	900	861	817	626	424	224	128	13_1766	#00fa9a
TLL92_opera_contig_134378_provirus_393617_461581_18	TLL92_opera_contig_134378_provirus_393617_461581	SPMP		10	1028	888	752	725	701	680	656	634	606	582	564	547	521	423	305	182	414	10_1028	#aaffc3
TLL9_opera_contig_30268_provirus_217260_276238_31	TLL9_opera_contig_30268_provirus_217260_276238	SPMP		1	1527	1324	1117	1073	1031	989	953	916	874	836	801	772	736	579	408	223	0	1_1527	#e6194B
GPD_49663_57	GPD_49663	Heliusvirales	Xiheviridae	1	1485	1302	1111	1071	1029	988	953	916	874	836	801	772	736	579	408	223	0	Heliusvirales_1485	#9A6324
IMGVR_15535003_31	IMGVR_15535003	Heliusvirales	Hathorviridae	45	1481	1298	1108	1068	1027	986	951	914	872	834	800	771	735	579	408	223	0	Heliusvirales_1481	#9A6324
TLL106_opera_contig_155842_provirus_24905_89457_45	TLL106_opera_contig_155842_provirus_24905_89457	SPMP		45	1481	1298	1108	1068	1027	986	951	914	872	834	800	771	735	579	408	223	0	45_1481	#dcbeff
0890_k141_19971_34	0890_k141_19971	J4Dfams	Tsurumiviridae	13	1767	1530	1286	1237	1191	1138	1094	1043	992	945	900	861	817	626	424	224	128	Tsurumiviridae_1767	#000000
TLL73_opera_contig_156113_37	TLL73_opera_contig_156113	SPMP		45	1481	1298	1108	1068	1027	986	951	914	872	834	800	771	735	579	408	223	0	45_1481	#dcbeff
TLL40_opera_contig_198495_provirus_221330_286447_32	TLL40_opera_contig_198495_provirus_221330_286447	SPMP		45	1481	1298	1108	1068	1027	986	951	914	872	834	800	771	735	579	408	223	0	45_1481	#dcbeff
TLL59_opera_contig_122167_provirus_145473_206394_46	TLL59_opera_contig_122167_provirus_145473_206394	SPMP		1	1525	1322	1116	1073	1031	989	953	916	874	836	801	772	736	579	408	223	0	1_1525	#e6194B
TLL66_opera_contig_48_18	TLL66_opera_contig_48	SPMP		10	1025	886	752	725	701	680	656	634	606	582	564	547	521	423	305	182	414	10_1025	#aaffc3
TLL68_opera_contig_28_17	TLL68_opera_contig_28	SPMP		10	1025	886	752	725	701	680	656	634	606	582	564	547	521	423	305	182	414	10_1025	#aaffc3
TLL28_opera_contig_45_provirus_38355_86150_37	TLL28_opera_contig_45_provirus_38355_86150	SPMP		1	1523	1320	1116	1073	1031	989	953	916	874	836	801	772	736	579	408	223	0	1_1523	#e6194B
TLL23_opera_contig_160663_provirus_1_48599_41	TLL23_opera_contig_160663_provirus_1_48599	SPMP		45	1479	1296	1107	1067	1026	985	950	914	872	834	800	771	735	579	408	223	0	45_1479	#dcbeff
TLL46_opera_contig_115217_provirus_16928_82282_83	TLL46_opera_contig_115217_provirus_16928_82282	SPMP		10	1025	886	752	725	701	680	656	634	606	582	564	547	521	423	305	182	414	10_1025	#aaffc3
TLL73_opera_contig_51_25	TLL73_opera_contig_51	SPMP		1	1526	1323	1117	1073	1031	989	953	916	874	836	801	772	736	579	408	223	0	1_1526	#e6194B
TLL13_opera_contig_224816_provirus_368103_409073_25	TLL13_opera_contig_224816_provirus_368103_409073	SPMP		13	1763	1527	1284	1235	1189	1137	1093	1042	991	945	900	861	817	626	424	224	128	13_1763	#00fa9a
IMGVR_15557432_23	IMGVR_15557432	Heliusvirales	Xiheviridae	1	1488	1304	1112	1071	1029	988	953	916	874	836	801	772	736	579	408	223	0	Heliusvirales_1488	#9A6324
IMGVR_15443304_42	IMGVR_15443304	Heliusvirales	Hathorviridae	1	1533	1329	1119	1075	1033	991	955	917	874	836	801	772	736	579	408	223	0	Heliusvirales_1533	#9A6324
TLL18_opera_contig_301194_provirus_23350_64469_38	TLL18_opera_contig_301194_provirus_23350_64469	SPMP		6	2415	2049	1675	1598	1526	1453	1384	1312	1238	1174	1114	1054	996	731	475	236	139	6_2415	#800000
TLL44_269510__full_1_30	TLL44_269510__full_1	SPMP		6	2411	2046	1673	1597	1525	1453	1384	1312	1238	1174	1114	1054	996	731	475	236	139	6_2411	#800000
IMGVR_1647945_54	IMGVR_1647945	Heliusvirales	Hunahpuviridae	816	1467	1288	1101	1061	1021	980	945	910	868	830	796	767	731	579	408	223	0	Heliusvirales_1467	#9A6324
4138_k141_41783_33	4138_k141_41783	J4Dfams	Tsurumiviridae	13	1765	1529	1286	1237	1191	1138	1094	1043	992	945	900	861	817	626	424	224	128	Tsurumiviridae_1765	#000000
TLL48_opera_contig_324_30	TLL48_opera_contig_324	SPMP		13	1767	1530	1286	1237	1191	1138	1094	1043	992	945	900	861	817	626	424	224	128	13_1767	#00fa9a
TLL31_opera_contig_527_25	TLL31_opera_contig_527	SPMP		13	1767	1530	1286	1237	1191	1138	1094	1043	992	945	900	861	817	626	424	224	128	13_1767	#00fa9a
IMGVR_1449837_49	IMGVR_1449837	Heliusvirales	Atenviridae	534	1476	1294	1105	1065	1025	984	949	913	871	833	799	770	734	579	408	223	0	Heliusvirales_1476	#9A6324
TLL27_opera_contig_122_34	TLL27_opera_contig_122	SPMP		3	621	535	446	433	419	404	386	374	356	339	328	317	301	240	176	113	309	3_621	#ffe119
IMGVR_427903_22	IMGVR_427903	Heliusvirales	Hathorviridae	1	1509	1315	1115	1072	1030	989	953	916	874	836	801	772	736	579	408	223	0	Heliusvirales_1509	#9A6324
TLL96_opera_contig_204431_provirus_130767_176376_41	TLL96_opera_contig_204431_provirus_130767_176376	SPMP		45	1480	1297	1108	1068	1027	986	951	914	872	834	800	771	735	579	408	223	0	45_1480	#dcbeff
TLL97_opera_contig_855_14	TLL97_opera_contig_855	SPMP		13	1760	1525	1283	1234	1188	1136	1092	1041	990	944	899	861	817	626	424	224	128	13_1760	#00fa9a
TLL79_opera_contig_89_10	TLL79_opera_contig_89	SPMP		3	615	529	441	429	415	401	383	371	354	338	327	317	301	240	176	113	309	3_615	#ffe119
TLL49_opera_contig_240_23	TLL49_opera_contig_240	SPMP		3	615	529	441	429	415	401	383	371	354	338	327	317	301	240	176	113	309	3_615	#ffe119
TLL10_opera_contig_31_provirus_3_49266_41	TLL10_opera_contig_31_provirus_3_49266	SPMP		11	2091	1791	1478	1414	1354	1289	1233	1176	1109	1052	1000	945	897	673	447	232	23	11_2091	#f032e6
TLL48_opera_contig_1_provirus_423179_437675_10	TLL48_opera_contig_1_provirus_423179_437675	SPMP		13	1760	1525	1283	1234	1188	1136	1092	1041	990	944	899	861	817	626	424	224	128	13_1760	#00fa9a
TLL5_307559__0_partial_1_23	TLL5_307559__0_partial_1	SPMP		13	1764	1528	1285	1236	1190	1137	1093	1042	991	945	900	861	817	626	424	224	128	13_1764	#00fa9a
TLL46_115215__0_partial_1_24	TLL46_115215__0_partial_1	SPMP		13	1765	1529	1286	1237	1191	1138	1094	1043	992	945	900	861	817	626	424	224	128	13_1765	#00fa9a
TLL30_opera_contig_351822_provirus_43152_87153_25	TLL30_opera_contig_351822_provirus_43152_87153	SPMP		3	615	529	441	429	415	401	383	371	354	338	327	317	301	240	176	113	309	3_615	#ffe119
TLL51_opera_contig_276819_provirus_49718_108369_23	TLL51_opera_contig_276819_provirus_49718_108369	SPMP		10	1022	885	752	725	701	680	656	634	606	582	564	547	521	423	305	182	414	10_1022	#aaffc3
2819_k141_304_27	2819_k141_304	J4Dfams	Tsurumiviridae	35	1775	1537	1291	1241	1195	1142	1098	1046	995	947	902	862	818	626	424	224	128	Tsurumiviridae_1775	#000000
TLL11_6__0_partial_1_14	TLL11_6__0_partial_1	SPMP		13	1762	1526	1283	1234	1188	1136	1092	1041	990	944	899	861	817	626	424	224	128	13_1762	#00fa9a
TLL81_opera_contig_244107_6	TLL81_opera_contig_244107	SPMP		2	1805	1562	1310	1258	1209	1156	1111	1059	1007	957	912	871	827	631	426	225	1105	2_1805	#f58231
TLL41_192100__0_partial_1_26	TLL41_192100__0_partial_1	SPMP		13	1763	1527	1284	1235	1189	1137	1093	1042	991	945	900	861	817	626	424	224	128	13_1763	#00fa9a
TLL5_305399__0_partial_1_26	TLL5_305399__0_partial_1	SPMP		13	1767	1530	1286	1237	1191	1138	1094	1043	992	945	900	861	817	626	424	224	128	13_1767	#00fa9a
TLL65_opera_contig_110147_provirus_1_17252_12	TLL65_opera_contig_110147_provirus_1_17252	SPMP		8	1129	986	845	816	789	763	736	712	682	657	636	617	589	477	343	204	0	8_1129	#ffd8b1
TLL31_opera_contig_713_22	TLL31_opera_contig_713	SPMP		6	2407	2043	1670	1595	1523	1451	1384	1312	1238	1174	1114	1054	996	731	475	236	139	6_2407	#800000
TLL33_opera_contig_581_16	TLL33_opera_contig_581	SPMP		8	1129	986	845	816	789	763	736	712	682	657	636	617	589	477	343	204	0	8_1129	#ffd8b1
TLL17_opera_contig_727_10	TLL17_opera_contig_727	SPMP		8	1129	986	845	816	789	763	736	712	682	657	636	617	589	477	343	204	0	8_1129	#ffd8b1
TLL38_opera_contig_190_provirus_11949_57282_37	TLL38_opera_contig_190_provirus_11949_57282	SPMP		5	2346	1999	1640	1567	1498	1427	1361	1291	1219	1155	1097	1038	983	721	469	234	62	5_2346	#3cb44b
TLL102_opera_contig_66_provirus_69856_124246_56	TLL102_opera_contig_66_provirus_69856_124246	SPMP		1	1489	1304	1112	1071	1029	988	953	916	874	836	801	772	736	579	408	223	0	1_1489	#e6194B
TLL33_opera_contig_106522_provirus_1597157_1636829_26	TLL33_opera_contig_106522_provirus_1597157_1636829	SPMP		9	1207	1049	897	865	837	807	778	753	719	691	668	648	619	500	360	210	92	9_1207	#fffac8
TLL102_opera_contig_250_37	TLL102_opera_contig_250	SPMP		1	1486	1303	1112	1071	1029	988	953	916	874	836	801	772	736	579	408	223	0	1_1486	#e6194B
TLL51_opera_contig_277201_provirus_6974_52218_41	TLL51_opera_contig_277201_provirus_6974_52218	SPMP		1	1482	1299	1109	1069	1028	987	952	915	873	835	801	772	736	579	408	223	0	1_1482	#e6194B
